LOCATION,norm_count,datetime_to_nearest_hour,Cluster
Barking and Dagenham,0.044642857142857144,2014-12-31 04:00:00,1
Barking and Dagenham,0.0,2014-12-31 05:00:00,1
Barking and Dagenham,0.03571428571428571,2014-12-31 06:00:00,1
Barking and Dagenham,0.0625,2014-12-31 07:00:00,1
Barking and Dagenham,0.19642857142857142,2014-12-31 08:00:00,1
Barking and Dagenham,0.5267857142857143,2014-12-31 09:00:00,1
Barking and Dagenham,0.48214285714285715,2014-12-31 10:00:00,1
Barking and Dagenham,0.29464285714285715,2014-12-31 11:00:00,1
Barking and Dagenham,0.35714285714285715,2014-12-31 12:00:00,1
Barking and Dagenham,0.49107142857142855,2014-12-31 13:00:00,1
Barking and Dagenham,0.5803571428571429,2014-12-31 14:00:00,1
Barking and Dagenham,0.44642857142857145,2014-12-31 15:00:00,1
Barking and Dagenham,0.5,2014-12-31 16:00:00,1
Barking and Dagenham,0.2857142857142857,2014-12-31 17:00:00,1
Barking and Dagenham,0.39285714285714285,2014-12-31 18:00:00,1
Barking and Dagenham,0.32142857142857145,2014-12-31 19:00:00,1
Barking and Dagenham,0.4642857142857143,2014-12-31 20:00:00,1
Barking and Dagenham,0.5625,2014-12-31 21:00:00,1
Barking and Dagenham,0.36607142857142855,2014-12-31 22:00:00,1
Barking and Dagenham,0.49107142857142855,2014-12-31 23:00:00,1
Barking and Dagenham,0.7410714285714286,2015-01-01 00:00:00,1
Barking and Dagenham,0.13392857142857142,2015-01-01 01:00:00,1
Barking and Dagenham,0.13392857142857142,2015-01-01 02:00:00,1
Barking and Dagenham,0.16071428571428573,2015-01-01 03:00:00,1
Barking and Dagenham,0.017857142857142856,2015-01-01 04:00:00,1
Barking and Dagenham,0.0,2015-01-01 05:00:00,1
Barking and Dagenham,0.017857142857142856,2015-01-01 06:00:00,1
Barking and Dagenham,0.0,2015-01-01 07:00:00,1
Barking and Dagenham,0.044642857142857144,2015-01-01 08:00:00,1
Barking and Dagenham,0.026785714285714284,2015-01-01 09:00:00,1
Barking and Dagenham,0.1875,2015-01-01 10:00:00,1
Barking and Dagenham,0.33035714285714285,2015-01-01 11:00:00,1
Barking and Dagenham,0.42857142857142855,2015-01-01 12:00:00,1
Barking and Dagenham,0.5982142857142857,2015-01-01 13:00:00,1
Barking and Dagenham,0.5446428571428571,2015-01-01 14:00:00,1
Barking and Dagenham,0.5535714285714286,2015-01-01 15:00:00,1
Barking and Dagenham,0.8660714285714286,2015-01-01 16:00:00,1
Barking and Dagenham,0.4642857142857143,2015-01-01 17:00:00,1
Barking and Dagenham,0.9821428571428571,2015-01-01 18:00:00,1
Barking and Dagenham,1.0,2015-01-01 19:00:00,1
Barking and Dagenham,0.6607142857142857,2015-01-01 20:00:00,1
Barking and Dagenham,0.6875,2015-01-01 21:00:00,1
Barking and Dagenham,0.5178571428571429,2015-01-01 22:00:00,1
Barking and Dagenham,0.4642857142857143,2015-01-01 23:00:00,1
Barking and Dagenham,0.3482142857142857,2015-02-01 00:00:00,1
Barking and Dagenham,0.25892857142857145,2015-02-01 01:00:00,1
Barking and Dagenham,0.125,2015-02-01 02:00:00,1
Barking and Dagenham,0.11607142857142858,2015-02-01 03:00:00,1
Barnet,0.3744075829383886,2014-12-31 04:00:00,1
Barnet,0.004739336492890996,2014-12-31 05:00:00,1
Barnet,0.0,2014-12-31 06:00:00,1
Barnet,0.037914691943127965,2014-12-31 07:00:00,1
Barnet,0.1848341232227488,2014-12-31 08:00:00,1
Barnet,0.16587677725118483,2014-12-31 09:00:00,1
Barnet,0.44075829383886256,2014-12-31 10:00:00,1
Barnet,0.5876777251184834,2014-12-31 11:00:00,1
Barnet,0.6255924170616114,2014-12-31 12:00:00,1
Barnet,0.5971563981042654,2014-12-31 13:00:00,1
Barnet,0.36018957345971564,2014-12-31 14:00:00,1
Barnet,0.4834123222748815,2014-12-31 15:00:00,1
Barnet,0.35545023696682465,2014-12-31 16:00:00,1
Barnet,0.4312796208530806,2014-12-31 17:00:00,1
Barnet,0.5023696682464455,2014-12-31 18:00:00,1
Barnet,0.46445497630331756,2014-12-31 19:00:00,1
Barnet,0.2796208530805687,2014-12-31 20:00:00,1
Barnet,0.24644549763033174,2014-12-31 21:00:00,1
Barnet,0.4597156398104265,2014-12-31 22:00:00,1
Barnet,0.36018957345971564,2014-12-31 23:00:00,1
Barnet,0.8056872037914692,2015-01-01 00:00:00,1
Barnet,0.36018957345971564,2015-01-01 01:00:00,1
Barnet,0.3744075829383886,2015-01-01 02:00:00,1
Barnet,0.23222748815165878,2015-01-01 03:00:00,1
Barnet,0.0995260663507109,2015-01-01 04:00:00,1
Barnet,0.16113744075829384,2015-01-01 05:00:00,1
Barnet,0.04739336492890995,2015-01-01 06:00:00,1
Barnet,0.07109004739336493,2015-01-01 07:00:00,1
Barnet,0.04739336492890995,2015-01-01 08:00:00,1
Barnet,0.0995260663507109,2015-01-01 09:00:00,1
Barnet,0.3175355450236967,2015-01-01 10:00:00,1
Barnet,0.2843601895734597,2015-01-01 11:00:00,1
Barnet,0.5687203791469194,2015-01-01 12:00:00,1
Barnet,0.7630331753554502,2015-01-01 13:00:00,1
Barnet,0.5165876777251185,2015-01-01 14:00:00,1
Barnet,0.6113744075829384,2015-01-01 15:00:00,1
Barnet,0.8056872037914692,2015-01-01 16:00:00,1
Barnet,0.5545023696682464,2015-01-01 17:00:00,1
Barnet,0.966824644549763,2015-01-01 18:00:00,1
Barnet,1.0,2015-01-01 19:00:00,1
Barnet,0.5781990521327014,2015-01-01 20:00:00,1
Barnet,0.933649289099526,2015-01-01 21:00:00,1
Barnet,0.6635071090047393,2015-01-01 22:00:00,1
Barnet,0.7298578199052133,2015-01-01 23:00:00,1
Barnet,0.4549763033175355,2015-02-01 00:00:00,1
Barnet,0.3222748815165877,2015-02-01 01:00:00,1
Barnet,0.22274881516587677,2015-02-01 02:00:00,1
Barnet,0.0947867298578199,2015-02-01 03:00:00,1
Bexley,0.0,2014-12-31 04:00:00,1
Bexley,0.0,2014-12-31 05:00:00,1
Bexley,0.027586206896551724,2014-12-31 06:00:00,1
Bexley,0.041379310344827586,2014-12-31 07:00:00,1
Bexley,0.15862068965517243,2014-12-31 08:00:00,1
Bexley,0.4206896551724138,2014-12-31 09:00:00,1
Bexley,0.5793103448275863,2014-12-31 10:00:00,1
Bexley,0.5448275862068965,2014-12-31 11:00:00,1
Bexley,0.7448275862068966,2014-12-31 12:00:00,1
Bexley,0.4827586206896552,2014-12-31 13:00:00,1
Bexley,0.4206896551724138,2014-12-31 14:00:00,1
Bexley,0.4068965517241379,2014-12-31 15:00:00,1
Bexley,0.3793103448275862,2014-12-31 16:00:00,1
Bexley,0.3310344827586207,2014-12-31 17:00:00,1
Bexley,0.4,2014-12-31 18:00:00,1
Bexley,0.2620689655172414,2014-12-31 19:00:00,1
Bexley,0.2,2014-12-31 20:00:00,1
Bexley,0.2827586206896552,2014-12-31 21:00:00,1
Bexley,0.2,2014-12-31 22:00:00,1
Bexley,0.38620689655172413,2014-12-31 23:00:00,1
Bexley,0.6344827586206897,2015-01-01 00:00:00,1
Bexley,0.27586206896551724,2015-01-01 01:00:00,1
Bexley,0.1103448275862069,2015-01-01 02:00:00,1
Bexley,0.07586206896551724,2015-01-01 03:00:00,1
Bexley,0.12413793103448276,2015-01-01 04:00:00,1
Bexley,0.08275862068965517,2015-01-01 05:00:00,1
Bexley,0.0896551724137931,2015-01-01 06:00:00,1
Bexley,0.0,2015-01-01 07:00:00,1
Bexley,0.034482758620689655,2015-01-01 08:00:00,1
Bexley,0.2413793103448276,2015-01-01 09:00:00,1
Bexley,0.4206896551724138,2015-01-01 10:00:00,1
Bexley,0.47586206896551725,2015-01-01 11:00:00,1
Bexley,0.45517241379310347,2015-01-01 12:00:00,1
Bexley,0.5517241379310345,2015-01-01 13:00:00,1
Bexley,0.7241379310344828,2015-01-01 14:00:00,1
Bexley,0.5379310344827586,2015-01-01 15:00:00,1
Bexley,0.7517241379310344,2015-01-01 16:00:00,1
Bexley,0.6,2015-01-01 17:00:00,1
Bexley,1.0,2015-01-01 18:00:00,1
Bexley,0.9241379310344827,2015-01-01 19:00:00,1
Bexley,0.6068965517241379,2015-01-01 20:00:00,1
Bexley,0.9172413793103448,2015-01-01 21:00:00,1
Bexley,0.6551724137931034,2015-01-01 22:00:00,1
Bexley,0.8482758620689655,2015-01-01 23:00:00,1
Bexley,0.46206896551724136,2015-02-01 00:00:00,1
Bexley,0.4827586206896552,2015-02-01 01:00:00,1
Bexley,0.20689655172413793,2015-02-01 02:00:00,1
Bexley,0.04827586206896552,2015-02-01 03:00:00,1
Brent,0.059602649006622516,2014-12-31 04:00:00,2
Brent,0.0,2014-12-31 05:00:00,2
Brent,0.006622516556291391,2014-12-31 06:00:00,2
Brent,0.0728476821192053,2014-12-31 07:00:00,2
Brent,0.15894039735099338,2014-12-31 08:00:00,2
Brent,0.15894039735099338,2014-12-31 09:00:00,2
Brent,0.2251655629139073,2014-12-31 10:00:00,2
Brent,0.2185430463576159,2014-12-31 11:00:00,2
Brent,0.26490066225165565,2014-12-31 12:00:00,2
Brent,0.2847682119205298,2014-12-31 13:00:00,2
Brent,0.31788079470198677,2014-12-31 14:00:00,2
Brent,0.3708609271523179,2014-12-31 15:00:00,2
Brent,0.31788079470198677,2014-12-31 16:00:00,2
Brent,0.37748344370860926,2014-12-31 17:00:00,2
Brent,0.9470198675496688,2014-12-31 18:00:00,2
Brent,0.31125827814569534,2014-12-31 19:00:00,2
Brent,0.39072847682119205,2014-12-31 20:00:00,2
Brent,0.4503311258278146,2014-12-31 21:00:00,2
Brent,0.37748344370860926,2014-12-31 22:00:00,2
Brent,0.5033112582781457,2014-12-31 23:00:00,2
Brent,1.0,2015-01-01 00:00:00,2
Brent,0.2582781456953642,2015-01-01 01:00:00,2
Brent,0.3443708609271523,2015-01-01 02:00:00,2
Brent,0.3576158940397351,2015-01-01 03:00:00,2
Brent,0.09933774834437085,2015-01-01 04:00:00,2
Brent,0.09933774834437085,2015-01-01 05:00:00,2
Brent,0.046357615894039736,2015-01-01 06:00:00,2
Brent,0.059602649006622516,2015-01-01 07:00:00,2
Brent,0.046357615894039736,2015-01-01 08:00:00,2
Brent,0.1986754966887417,2015-01-01 09:00:00,2
Brent,0.2980132450331126,2015-01-01 10:00:00,2
Brent,0.24503311258278146,2015-01-01 11:00:00,2
Brent,0.32450331125827814,2015-01-01 12:00:00,2
Brent,0.41721854304635764,2015-01-01 13:00:00,2
Brent,0.543046357615894,2015-01-01 14:00:00,2
Brent,0.5033112582781457,2015-01-01 15:00:00,2
Brent,0.6754966887417219,2015-01-01 16:00:00,2
Brent,0.33774834437086093,2015-01-01 17:00:00,2
Brent,0.47019867549668876,2015-01-01 18:00:00,2
Brent,0.45695364238410596,2015-01-01 19:00:00,2
Brent,0.48344370860927155,2015-01-01 20:00:00,2
Brent,0.6556291390728477,2015-01-01 21:00:00,2
Brent,0.5033112582781457,2015-01-01 22:00:00,2
Brent,0.48344370860927155,2015-01-01 23:00:00,2
Brent,0.5629139072847682,2015-02-01 00:00:00,2
Brent,0.44370860927152317,2015-02-01 01:00:00,2
Brent,0.31125827814569534,2015-02-01 02:00:00,2
Brent,0.12582781456953643,2015-02-01 03:00:00,2
Bromley,0.030120481927710843,2014-12-31 04:00:00,1
Bromley,0.018072289156626505,2014-12-31 05:00:00,1
Bromley,0.0,2014-12-31 06:00:00,1
Bromley,0.12048192771084337,2014-12-31 07:00:00,1
Bromley,0.12048192771084337,2014-12-31 08:00:00,1
Bromley,0.25301204819277107,2014-12-31 09:00:00,1
Bromley,0.3433734939759036,2014-12-31 10:00:00,1
Bromley,0.41566265060240964,2014-12-31 11:00:00,1
Bromley,0.35542168674698793,2014-12-31 12:00:00,1
Bromley,0.35542168674698793,2014-12-31 13:00:00,1
Bromley,0.463855421686747,2014-12-31 14:00:00,1
Bromley,0.5542168674698795,2014-12-31 15:00:00,1
Bromley,0.608433734939759,2014-12-31 16:00:00,1
Bromley,0.6024096385542169,2014-12-31 17:00:00,1
Bromley,0.3855421686746988,2014-12-31 18:00:00,1
Bromley,0.37349397590361444,2014-12-31 19:00:00,1
Bromley,0.4457831325301205,2014-12-31 20:00:00,1
Bromley,0.6686746987951807,2014-12-31 21:00:00,1
Bromley,0.46987951807228917,2014-12-31 22:00:00,1
Bromley,0.5481927710843374,2014-12-31 23:00:00,1
Bromley,0.9759036144578314,2015-01-01 00:00:00,1
Bromley,0.4578313253012048,2015-01-01 01:00:00,1
Bromley,0.27710843373493976,2015-01-01 02:00:00,1
Bromley,0.21686746987951808,2015-01-01 03:00:00,1
Bromley,0.05421686746987952,2015-01-01 04:00:00,1
Bromley,0.06626506024096386,2015-01-01 05:00:00,1
Bromley,0.06626506024096386,2015-01-01 06:00:00,1
Bromley,0.006024096385542169,2015-01-01 07:00:00,1
Bromley,0.0963855421686747,2015-01-01 08:00:00,1
Bromley,0.18072289156626506,2015-01-01 09:00:00,1
Bromley,0.3373493975903614,2015-01-01 10:00:00,1
Bromley,0.4036144578313253,2015-01-01 11:00:00,1
Bromley,0.6566265060240963,2015-01-01 12:00:00,1
Bromley,0.6204819277108434,2015-01-01 13:00:00,1
Bromley,0.6325301204819277,2015-01-01 14:00:00,1
Bromley,0.5903614457831325,2015-01-01 15:00:00,1
Bromley,0.8554216867469879,2015-01-01 16:00:00,1
Bromley,0.6265060240963856,2015-01-01 17:00:00,1
Bromley,1.0,2015-01-01 18:00:00,1
Bromley,0.8975903614457831,2015-01-01 19:00:00,1
Bromley,0.7048192771084337,2015-01-01 20:00:00,1
Bromley,0.8975903614457831,2015-01-01 21:00:00,1
Bromley,0.9698795180722891,2015-01-01 22:00:00,1
Bromley,0.6927710843373494,2015-01-01 23:00:00,1
Bromley,0.5,2015-02-01 00:00:00,1
Bromley,0.3313253012048193,2015-02-01 01:00:00,1
Bromley,0.060240963855421686,2015-02-01 02:00:00,1
Bromley,0.09036144578313253,2015-02-01 03:00:00,1
Camden,0.0,2014-12-31 04:00:00,3
Camden,0.041666666666666664,2014-12-31 06:00:00,3
Camden,0.10714285714285714,2014-12-31 07:00:00,3
Camden,0.23809523809523808,2014-12-31 08:00:00,3
Camden,0.44642857142857145,2014-12-31 09:00:00,3
Camden,0.4642857142857143,2014-12-31 10:00:00,3
Camden,0.7083333333333334,2014-12-31 11:00:00,3
Camden,0.6428571428571429,2014-12-31 12:00:00,3
Camden,0.7738095238095238,2014-12-31 13:00:00,3
Camden,0.5952380952380952,2014-12-31 14:00:00,3
Camden,0.6428571428571429,2014-12-31 15:00:00,3
Camden,0.7083333333333334,2014-12-31 16:00:00,3
Camden,0.7380952380952381,2014-12-31 17:00:00,3
Camden,0.6428571428571429,2014-12-31 18:00:00,3
Camden,0.6488095238095238,2014-12-31 19:00:00,3
Camden,0.8273809523809523,2014-12-31 20:00:00,3
Camden,0.6011904761904762,2014-12-31 21:00:00,3
Camden,0.47619047619047616,2014-12-31 22:00:00,3
Camden,0.9880952380952381,2014-12-31 23:00:00,3
Camden,1.0,2015-01-01 00:00:00,3
Camden,0.6845238095238095,2015-01-01 01:00:00,3
Camden,0.5297619047619048,2015-01-01 02:00:00,3
Camden,0.23809523809523808,2015-01-01 03:00:00,3
Camden,0.1130952380952381,2015-01-01 04:00:00,3
Camden,0.09523809523809523,2015-01-01 05:00:00,3
Camden,0.10714285714285714,2015-01-01 06:00:00,3
Camden,0.05357142857142857,2015-01-01 07:00:00,3
Camden,0.16666666666666666,2015-01-01 08:00:00,3
Camden,0.26785714285714285,2015-01-01 09:00:00,3
Camden,0.4107142857142857,2015-01-01 10:00:00,3
Camden,0.5714285714285714,2015-01-01 11:00:00,3
Camden,0.7202380952380952,2015-01-01 12:00:00,3
Camden,0.6607142857142857,2015-01-01 13:00:00,3
Camden,0.5833333333333334,2015-01-01 14:00:00,3
Camden,0.5476190476190477,2015-01-01 15:00:00,3
Camden,0.8214285714285714,2015-01-01 16:00:00,3
Camden,0.6904761904761905,2015-01-01 17:00:00,3
Camden,0.8035714285714286,2015-01-01 18:00:00,3
Camden,0.6666666666666666,2015-01-01 19:00:00,3
Camden,0.6607142857142857,2015-01-01 20:00:00,3
Camden,0.6488095238095238,2015-01-01 21:00:00,3
Camden,0.6011904761904762,2015-01-01 22:00:00,3
Camden,0.49404761904761907,2015-01-01 23:00:00,3
Camden,0.5119047619047619,2015-02-01 00:00:00,3
Camden,0.1488095238095238,2015-02-01 01:00:00,3
Camden,0.13095238095238096,2015-02-01 02:00:00,3
Camden,0.125,2015-02-01 03:00:00,3
City of London,0.015625,2014-12-31 04:00:00,4
City of London,0.09375,2014-12-31 06:00:00,4
City of London,0.140625,2014-12-31 07:00:00,4
City of London,0.5,2014-12-31 08:00:00,4
City of London,0.515625,2014-12-31 09:00:00,4
City of London,0.59375,2014-12-31 10:00:00,4
City of London,0.8125,2014-12-31 11:00:00,4
City of London,0.875,2014-12-31 12:00:00,4
City of London,0.796875,2014-12-31 13:00:00,4
City of London,0.703125,2014-12-31 14:00:00,4
City of London,0.578125,2014-12-31 15:00:00,4
City of London,0.546875,2014-12-31 16:00:00,4
City of London,0.421875,2014-12-31 17:00:00,4
City of London,0.296875,2014-12-31 18:00:00,4
City of London,0.5,2014-12-31 19:00:00,4
City of London,0.40625,2014-12-31 20:00:00,4
City of London,0.453125,2014-12-31 21:00:00,4
City of London,0.671875,2014-12-31 22:00:00,4
City of London,0.734375,2014-12-31 23:00:00,4
City of London,1.0,2015-01-01 00:00:00,4
City of London,0.375,2015-01-01 01:00:00,4
City of London,0.28125,2015-01-01 02:00:00,4
City of London,0.0625,2015-01-01 03:00:00,4
City of London,0.015625,2015-01-01 04:00:00,4
City of London,0.078125,2015-01-01 05:00:00,4
City of London,0.046875,2015-01-01 06:00:00,4
City of London,0.0,2015-01-01 07:00:00,4
City of London,0.0625,2015-01-01 08:00:00,4
City of London,0.171875,2015-01-01 09:00:00,4
City of London,0.046875,2015-01-01 10:00:00,4
City of London,0.125,2015-01-01 11:00:00,4
City of London,0.4375,2015-01-01 12:00:00,4
City of London,0.34375,2015-01-01 13:00:00,4
City of London,0.390625,2015-01-01 14:00:00,4
City of London,0.578125,2015-01-01 15:00:00,4
City of London,0.171875,2015-01-01 16:00:00,4
City of London,0.328125,2015-01-01 17:00:00,4
City of London,0.234375,2015-01-01 18:00:00,4
City of London,0.203125,2015-01-01 19:00:00,4
City of London,0.359375,2015-01-01 20:00:00,4
City of London,0.125,2015-01-01 21:00:00,4
City of London,0.265625,2015-01-01 22:00:00,4
City of London,0.359375,2015-01-01 23:00:00,4
City of London,0.03125,2015-02-01 00:00:00,4
City of London,0.078125,2015-02-01 01:00:00,4
City of London,0.03125,2015-02-01 02:00:00,4
City of London,0.0,2015-02-01 03:00:00,4
Croydon,0.07804878048780488,2014-12-31 04:00:00,1
Croydon,0.014634146341463415,2014-12-31 05:00:00,1
Croydon,0.0,2014-12-31 06:00:00,1
Croydon,0.06341463414634146,2014-12-31 07:00:00,1
Croydon,0.13170731707317074,2014-12-31 08:00:00,1
Croydon,0.11219512195121951,2014-12-31 09:00:00,1
Croydon,0.28780487804878047,2014-12-31 10:00:00,1
Croydon,0.36585365853658536,2014-12-31 11:00:00,1
Croydon,0.4975609756097561,2014-12-31 12:00:00,1
Croydon,0.4585365853658537,2014-12-31 13:00:00,1
Croydon,0.6390243902439025,2014-12-31 14:00:00,1
Croydon,0.5219512195121951,2014-12-31 15:00:00,1
Croydon,0.4634146341463415,2014-12-31 16:00:00,1
Croydon,0.3463414634146341,2014-12-31 17:00:00,1
Croydon,0.36097560975609755,2014-12-31 18:00:00,1
Croydon,0.4146341463414634,2014-12-31 19:00:00,1
Croydon,0.2975609756097561,2014-12-31 20:00:00,1
Croydon,0.3170731707317073,2014-12-31 21:00:00,1
Croydon,0.36097560975609755,2014-12-31 22:00:00,1
Croydon,0.34146341463414637,2014-12-31 23:00:00,1
Croydon,0.7902439024390244,2015-01-01 00:00:00,1
Croydon,0.3902439024390244,2015-01-01 01:00:00,1
Croydon,0.18048780487804877,2015-01-01 02:00:00,1
Croydon,0.1073170731707317,2015-01-01 03:00:00,1
Croydon,0.08292682926829269,2015-01-01 04:00:00,1
Croydon,0.03414634146341464,2015-01-01 05:00:00,1
Croydon,0.00975609756097561,2015-01-01 06:00:00,1
Croydon,0.03902439024390244,2015-01-01 07:00:00,1
Croydon,0.07317073170731707,2015-01-01 08:00:00,1
Croydon,0.13658536585365855,2015-01-01 09:00:00,1
Croydon,0.22926829268292684,2015-01-01 10:00:00,1
Croydon,0.3951219512195122,2015-01-01 11:00:00,1
Croydon,0.3804878048780488,2015-01-01 12:00:00,1
Croydon,0.5365853658536586,2015-01-01 13:00:00,1
Croydon,0.7219512195121951,2015-01-01 14:00:00,1
Croydon,0.7853658536585366,2015-01-01 15:00:00,1
Croydon,0.7073170731707317,2015-01-01 16:00:00,1
Croydon,0.5073170731707317,2015-01-01 17:00:00,1
Croydon,0.6585365853658537,2015-01-01 18:00:00,1
Croydon,0.5365853658536586,2015-01-01 19:00:00,1
Croydon,0.7121951219512195,2015-01-01 20:00:00,1
Croydon,1.0,2015-01-01 21:00:00,1
Croydon,0.697560975609756,2015-01-01 22:00:00,1
Croydon,0.5804878048780487,2015-01-01 23:00:00,1
Croydon,0.2975609756097561,2015-02-01 00:00:00,1
Croydon,0.2780487804878049,2015-02-01 01:00:00,1
Croydon,0.0975609756097561,2015-02-01 02:00:00,1
Croydon,0.15609756097560976,2015-02-01 03:00:00,1
Ealing,0.024390243902439025,2014-12-31 04:00:00,2
Ealing,0.04878048780487805,2014-12-31 05:00:00,2
Ealing,0.036585365853658534,2014-12-31 06:00:00,2
Ealing,0.08536585365853659,2014-12-31 07:00:00,2
Ealing,0.12804878048780488,2014-12-31 08:00:00,2
Ealing,0.17073170731707318,2014-12-31 09:00:00,2
Ealing,0.3475609756097561,2014-12-31 10:00:00,2
Ealing,0.39634146341463417,2014-12-31 11:00:00,2
Ealing,0.4634146341463415,2014-12-31 12:00:00,2
Ealing,0.2682926829268293,2014-12-31 13:00:00,2
Ealing,0.3475609756097561,2014-12-31 14:00:00,2
Ealing,0.3048780487804878,2014-12-31 15:00:00,2
Ealing,0.39634146341463417,2014-12-31 16:00:00,2
Ealing,0.5426829268292683,2014-12-31 17:00:00,2
Ealing,0.22560975609756098,2014-12-31 18:00:00,2
Ealing,0.34146341463414637,2014-12-31 19:00:00,2
Ealing,0.3475609756097561,2014-12-31 20:00:00,2
Ealing,0.36585365853658536,2014-12-31 21:00:00,2
Ealing,0.31097560975609756,2014-12-31 22:00:00,2
Ealing,0.5792682926829268,2014-12-31 23:00:00,2
Ealing,1.0,2015-01-01 00:00:00,2
Ealing,0.3231707317073171,2015-01-01 01:00:00,2
Ealing,0.38414634146341464,2015-01-01 02:00:00,2
Ealing,0.15853658536585366,2015-01-01 03:00:00,2
Ealing,0.06707317073170732,2015-01-01 04:00:00,2
Ealing,0.024390243902439025,2015-01-01 05:00:00,2
Ealing,0.0,2015-01-01 06:00:00,2
Ealing,0.042682926829268296,2015-01-01 07:00:00,2
Ealing,0.06097560975609756,2015-01-01 08:00:00,2
Ealing,0.17682926829268292,2015-01-01 09:00:00,2
Ealing,0.22560975609756098,2015-01-01 10:00:00,2
Ealing,0.3353658536585366,2015-01-01 11:00:00,2
Ealing,0.39634146341463417,2015-01-01 12:00:00,2
Ealing,0.4024390243902439,2015-01-01 13:00:00,2
Ealing,0.4695121951219512,2015-01-01 14:00:00,2
Ealing,0.35365853658536583,2015-01-01 15:00:00,2
Ealing,0.21951219512195122,2015-01-01 16:00:00,2
Ealing,0.4268292682926829,2015-01-01 17:00:00,2
Ealing,0.4878048780487805,2015-01-01 18:00:00,2
Ealing,0.5060975609756098,2015-01-01 19:00:00,2
Ealing,0.4573170731707317,2015-01-01 20:00:00,2
Ealing,0.47560975609756095,2015-01-01 21:00:00,2
Ealing,0.3231707317073171,2015-01-01 22:00:00,2
Ealing,0.3780487804878049,2015-01-01 23:00:00,2
Ealing,0.39634146341463417,2015-02-01 00:00:00,2
Ealing,0.13414634146341464,2015-02-01 01:00:00,2
Ealing,0.11585365853658537,2015-02-01 02:00:00,2
Ealing,0.08536585365853659,2015-02-01 03:00:00,2
Enfield,0.1518987341772152,2014-12-31 04:00:00,0
Enfield,0.10548523206751055,2014-12-31 05:00:00,0
Enfield,0.0,2014-12-31 06:00:00,0
Enfield,0.046413502109704644,2014-12-31 07:00:00,0
Enfield,0.02109704641350211,2014-12-31 08:00:00,0
Enfield,0.0970464135021097,2014-12-31 09:00:00,0
Enfield,0.20675105485232068,2014-12-31 10:00:00,0
Enfield,0.12236286919831224,2014-12-31 11:00:00,0
Enfield,0.16877637130801687,2014-12-31 12:00:00,0
Enfield,0.18565400843881857,2014-12-31 13:00:00,0
Enfield,0.3291139240506329,2014-12-31 14:00:00,0
Enfield,0.25738396624472576,2014-12-31 15:00:00,0
Enfield,0.2616033755274262,2014-12-31 16:00:00,0
Enfield,0.2742616033755274,2014-12-31 17:00:00,0
Enfield,0.2489451476793249,2014-12-31 18:00:00,0
Enfield,0.2742616033755274,2014-12-31 19:00:00,0
Enfield,0.23628691983122363,2014-12-31 20:00:00,0
Enfield,0.12658227848101267,2014-12-31 21:00:00,0
Enfield,0.21518987341772153,2014-12-31 22:00:00,0
Enfield,0.2489451476793249,2014-12-31 23:00:00,0
Enfield,0.5021097046413502,2015-01-01 00:00:00,0
Enfield,0.3459915611814346,2015-01-01 01:00:00,0
Enfield,0.31645569620253167,2015-01-01 02:00:00,0
Enfield,0.21518987341772153,2015-01-01 03:00:00,0
Enfield,0.1940928270042194,2015-01-01 04:00:00,0
Enfield,0.0379746835443038,2015-01-01 05:00:00,0
Enfield,0.07172995780590717,2015-01-01 06:00:00,0
Enfield,0.004219409282700422,2015-01-01 07:00:00,0
Enfield,0.012658227848101266,2015-01-01 08:00:00,0
Enfield,0.0970464135021097,2015-01-01 09:00:00,0
Enfield,0.16033755274261605,2015-01-01 10:00:00,0
Enfield,0.3459915611814346,2015-01-01 11:00:00,0
Enfield,0.3459915611814346,2015-01-01 12:00:00,0
Enfield,0.5738396624472574,2015-01-01 13:00:00,0
Enfield,0.4345991561181435,2015-01-01 14:00:00,0
Enfield,0.3628691983122363,2015-01-01 15:00:00,0
Enfield,0.6160337552742616,2015-01-01 16:00:00,0
Enfield,0.35864978902953587,2015-01-01 17:00:00,0
Enfield,1.0,2015-01-01 18:00:00,0
Enfield,0.9156118143459916,2015-01-01 19:00:00,0
Enfield,0.4430379746835443,2015-01-01 20:00:00,0
Enfield,0.7130801687763713,2015-01-01 21:00:00,0
Enfield,0.6624472573839663,2015-01-01 22:00:00,0
Enfield,0.7721518987341772,2015-01-01 23:00:00,0
Enfield,0.6666666666666666,2015-02-01 00:00:00,0
Enfield,0.26582278481012656,2015-02-01 01:00:00,0
Enfield,0.23628691983122363,2015-02-01 02:00:00,0
Enfield,0.14345991561181434,2015-02-01 03:00:00,0
Greenwich,0.0440251572327044,2014-12-31 04:00:00,1
Greenwich,0.06918238993710692,2014-12-31 05:00:00,1
Greenwich,0.031446540880503145,2014-12-31 06:00:00,1
Greenwich,0.03773584905660377,2014-12-31 07:00:00,1
Greenwich,0.16352201257861634,2014-12-31 08:00:00,1
Greenwich,0.20754716981132076,2014-12-31 09:00:00,1
Greenwich,0.20754716981132076,2014-12-31 10:00:00,1
Greenwich,0.3018867924528302,2014-12-31 11:00:00,1
Greenwich,0.33962264150943394,2014-12-31 12:00:00,1
Greenwich,0.46540880503144655,2014-12-31 13:00:00,1
Greenwich,0.42138364779874216,2014-12-31 14:00:00,1
Greenwich,0.6289308176100629,2014-12-31 15:00:00,1
Greenwich,0.42138364779874216,2014-12-31 16:00:00,1
Greenwich,0.4716981132075472,2014-12-31 17:00:00,1
Greenwich,0.3018867924528302,2014-12-31 18:00:00,1
Greenwich,0.389937106918239,2014-12-31 19:00:00,1
Greenwich,0.5283018867924528,2014-12-31 20:00:00,1
Greenwich,0.23270440251572327,2014-12-31 21:00:00,1
Greenwich,0.49056603773584906,2014-12-31 22:00:00,1
Greenwich,0.5723270440251572,2014-12-31 23:00:00,1
Greenwich,0.949685534591195,2015-01-01 00:00:00,1
Greenwich,0.3584905660377358,2015-01-01 01:00:00,1
Greenwich,0.34591194968553457,2015-01-01 02:00:00,1
Greenwich,0.18238993710691823,2015-01-01 03:00:00,1
Greenwich,0.07547169811320754,2015-01-01 04:00:00,1
Greenwich,0.0440251572327044,2015-01-01 05:00:00,1
Greenwich,0.0,2015-01-01 06:00:00,1
Greenwich,0.018867924528301886,2015-01-01 07:00:00,1
Greenwich,0.025157232704402517,2015-01-01 08:00:00,1
Greenwich,0.11949685534591195,2015-01-01 09:00:00,1
Greenwich,0.16352201257861634,2015-01-01 10:00:00,1
Greenwich,0.3584905660377358,2015-01-01 11:00:00,1
Greenwich,0.39622641509433965,2015-01-01 12:00:00,1
Greenwich,0.610062893081761,2015-01-01 13:00:00,1
Greenwich,0.7232704402515723,2015-01-01 14:00:00,1
Greenwich,0.5471698113207547,2015-01-01 15:00:00,1
Greenwich,0.8427672955974843,2015-01-01 16:00:00,1
Greenwich,0.4968553459119497,2015-01-01 17:00:00,1
Greenwich,0.9245283018867925,2015-01-01 18:00:00,1
Greenwich,1.0,2015-01-01 19:00:00,1
Greenwich,0.6415094339622641,2015-01-01 20:00:00,1
Greenwich,0.7421383647798742,2015-01-01 21:00:00,1
Greenwich,0.6163522012578616,2015-01-01 22:00:00,1
Greenwich,0.4528301886792453,2015-01-01 23:00:00,1
Greenwich,0.44654088050314467,2015-02-01 00:00:00,1
Greenwich,0.24528301886792453,2015-02-01 01:00:00,1
Greenwich,0.14465408805031446,2015-02-01 02:00:00,1
Greenwich,0.06289308176100629,2015-02-01 03:00:00,1
Hackney,0.16292134831460675,2014-12-31 04:00:00,1
Hackney,0.05056179775280899,2014-12-31 05:00:00,1
Hackney,0.011235955056179775,2014-12-31 06:00:00,1
Hackney,0.0056179775280898875,2014-12-31 07:00:00,1
Hackney,0.1853932584269663,2014-12-31 08:00:00,1
Hackney,0.16853932584269662,2014-12-31 09:00:00,1
Hackney,0.30337078651685395,2014-12-31 10:00:00,1
Hackney,0.33146067415730335,2014-12-31 11:00:00,1
Hackney,0.5,2014-12-31 12:00:00,1
Hackney,0.5112359550561798,2014-12-31 13:00:00,1
Hackney,0.4606741573033708,2014-12-31 14:00:00,1
Hackney,0.5224719101123596,2014-12-31 15:00:00,1
Hackney,0.5224719101123596,2014-12-31 16:00:00,1
Hackney,0.6235955056179775,2014-12-31 17:00:00,1
Hackney,0.43820224719101125,2014-12-31 18:00:00,1
Hackney,0.37640449438202245,2014-12-31 19:00:00,1
Hackney,0.449438202247191,2014-12-31 20:00:00,1
Hackney,0.47191011235955055,2014-12-31 21:00:00,1
Hackney,0.7752808988764045,2014-12-31 22:00:00,1
Hackney,0.7921348314606742,2014-12-31 23:00:00,1
Hackney,0.9438202247191011,2015-01-01 00:00:00,1
Hackney,0.5,2015-01-01 01:00:00,1
Hackney,0.2808988764044944,2015-01-01 02:00:00,1
Hackney,0.4550561797752809,2015-01-01 03:00:00,1
Hackney,0.15730337078651685,2015-01-01 04:00:00,1
Hackney,0.06179775280898876,2015-01-01 05:00:00,1
Hackney,0.05056179775280899,2015-01-01 06:00:00,1
Hackney,0.0,2015-01-01 07:00:00,1
Hackney,0.06179775280898876,2015-01-01 08:00:00,1
Hackney,0.21910112359550563,2015-01-01 09:00:00,1
Hackney,0.16853932584269662,2015-01-01 10:00:00,1
Hackney,0.4044943820224719,2015-01-01 11:00:00,1
Hackney,0.4101123595505618,2015-01-01 12:00:00,1
Hackney,0.5112359550561798,2015-01-01 13:00:00,1
Hackney,0.5561797752808989,2015-01-01 14:00:00,1
Hackney,0.7865168539325843,2015-01-01 15:00:00,1
Hackney,0.7640449438202247,2015-01-01 16:00:00,1
Hackney,0.4044943820224719,2015-01-01 17:00:00,1
Hackney,0.5955056179775281,2015-01-01 18:00:00,1
Hackney,0.7078651685393258,2015-01-01 19:00:00,1
Hackney,0.6292134831460674,2015-01-01 20:00:00,1
Hackney,1.0,2015-01-01 21:00:00,1
Hackney,0.7528089887640449,2015-01-01 22:00:00,1
Hackney,0.6235955056179775,2015-01-01 23:00:00,1
Hackney,0.7528089887640449,2015-02-01 00:00:00,1
Hackney,0.3595505617977528,2015-02-01 01:00:00,1
Hackney,0.29213483146067415,2015-02-01 02:00:00,1
Hackney,0.37640449438202245,2015-02-01 03:00:00,1
Hammersmith and Fulham,0.32710280373831774,2014-12-31 04:00:00,1
Hammersmith and Fulham,0.018691588785046728,2014-12-31 05:00:00,1
Hammersmith and Fulham,0.0,2014-12-31 06:00:00,1
Hammersmith and Fulham,0.12149532710280374,2014-12-31 07:00:00,1
Hammersmith and Fulham,0.18691588785046728,2014-12-31 08:00:00,1
Hammersmith and Fulham,0.22429906542056074,2014-12-31 09:00:00,1
Hammersmith and Fulham,0.34579439252336447,2014-12-31 10:00:00,1
Hammersmith and Fulham,0.32710280373831774,2014-12-31 11:00:00,1
Hammersmith and Fulham,0.411214953271028,2014-12-31 12:00:00,1
Hammersmith and Fulham,0.4205607476635514,2014-12-31 13:00:00,1
Hammersmith and Fulham,0.5794392523364486,2014-12-31 14:00:00,1
Hammersmith and Fulham,0.5981308411214953,2014-12-31 15:00:00,1
Hammersmith and Fulham,0.7009345794392523,2014-12-31 16:00:00,1
Hammersmith and Fulham,0.48598130841121495,2014-12-31 17:00:00,1
Hammersmith and Fulham,0.40186915887850466,2014-12-31 18:00:00,1
Hammersmith and Fulham,0.5981308411214953,2014-12-31 19:00:00,1
Hammersmith and Fulham,0.38317757009345793,2014-12-31 20:00:00,1
Hammersmith and Fulham,0.27102803738317754,2014-12-31 21:00:00,1
Hammersmith and Fulham,0.35514018691588783,2014-12-31 22:00:00,1
Hammersmith and Fulham,0.35514018691588783,2014-12-31 23:00:00,1
Hammersmith and Fulham,0.9813084112149533,2015-01-01 00:00:00,1
Hammersmith and Fulham,0.4953271028037383,2015-01-01 01:00:00,1
Hammersmith and Fulham,0.308411214953271,2015-01-01 02:00:00,1
Hammersmith and Fulham,0.3364485981308411,2015-01-01 03:00:00,1
Hammersmith and Fulham,0.06542056074766354,2015-01-01 04:00:00,1
Hammersmith and Fulham,0.12149532710280374,2015-01-01 05:00:00,1
Hammersmith and Fulham,0.1588785046728972,2015-01-01 06:00:00,1
Hammersmith and Fulham,0.14018691588785046,2015-01-01 07:00:00,1
Hammersmith and Fulham,0.11214953271028037,2015-01-01 08:00:00,1
Hammersmith and Fulham,0.2616822429906542,2015-01-01 09:00:00,1
Hammersmith and Fulham,0.5420560747663551,2015-01-01 10:00:00,1
Hammersmith and Fulham,0.4485981308411215,2015-01-01 11:00:00,1
Hammersmith and Fulham,0.5233644859813084,2015-01-01 12:00:00,1
Hammersmith and Fulham,0.6074766355140186,2015-01-01 13:00:00,1
Hammersmith and Fulham,1.0,2015-01-01 14:00:00,1
Hammersmith and Fulham,0.6915887850467289,2015-01-01 15:00:00,1
Hammersmith and Fulham,0.9252336448598131,2015-01-01 16:00:00,1
Hammersmith and Fulham,0.7009345794392523,2015-01-01 17:00:00,1
Hammersmith and Fulham,0.7102803738317757,2015-01-01 18:00:00,1
Hammersmith and Fulham,0.7476635514018691,2015-01-01 19:00:00,1
Hammersmith and Fulham,0.7383177570093458,2015-01-01 20:00:00,1
Hammersmith and Fulham,0.5700934579439252,2015-01-01 21:00:00,1
Hammersmith and Fulham,0.7009345794392523,2015-01-01 22:00:00,1
Hammersmith and Fulham,0.7663551401869159,2015-01-01 23:00:00,1
Hammersmith and Fulham,0.3925233644859813,2015-02-01 00:00:00,1
Hammersmith and Fulham,0.6635514018691588,2015-02-01 01:00:00,1
Hammersmith and Fulham,0.40186915887850466,2015-02-01 02:00:00,1
Hammersmith and Fulham,0.12149532710280374,2015-02-01 03:00:00,1
Haringey,0.029850746268656716,2014-12-31 04:00:00,0
Haringey,0.0,2014-12-31 05:00:00,0
Haringey,0.011940298507462687,2014-12-31 06:00:00,0
Haringey,0.029850746268656716,2014-12-31 07:00:00,0
Haringey,0.050746268656716415,2014-12-31 08:00:00,0
Haringey,0.09253731343283582,2014-12-31 09:00:00,0
Haringey,0.14328358208955225,2014-12-31 10:00:00,0
Haringey,0.10149253731343283,2014-12-31 11:00:00,0
Haringey,0.1373134328358209,2014-12-31 12:00:00,0
Haringey,0.15223880597014924,2014-12-31 13:00:00,0
Haringey,0.16119402985074627,2014-12-31 14:00:00,0
Haringey,0.208955223880597,2014-12-31 15:00:00,0
Haringey,0.2716417910447761,2014-12-31 16:00:00,0
Haringey,0.2537313432835821,2014-12-31 17:00:00,0
Haringey,0.25970149253731345,2014-12-31 18:00:00,0
Haringey,0.26865671641791045,2014-12-31 19:00:00,0
Haringey,0.19402985074626866,2014-12-31 20:00:00,0
Haringey,0.16119402985074627,2014-12-31 21:00:00,0
Haringey,0.21791044776119403,2014-12-31 22:00:00,0
Haringey,0.31343283582089554,2014-12-31 23:00:00,0
Haringey,0.30149253731343284,2015-01-01 00:00:00,0
Haringey,0.14328358208955225,2015-01-01 01:00:00,0
Haringey,0.0955223880597015,2015-01-01 02:00:00,0
Haringey,0.12238805970149254,2015-01-01 03:00:00,0
Haringey,0.03582089552238806,2015-01-01 04:00:00,0
Haringey,0.0029850746268656717,2015-01-01 05:00:00,0
Haringey,0.026865671641791045,2015-01-01 06:00:00,0
Haringey,0.0029850746268656717,2015-01-01 07:00:00,0
Haringey,0.0029850746268656717,2015-01-01 08:00:00,0
Haringey,0.056716417910447764,2015-01-01 09:00:00,0
Haringey,0.050746268656716415,2015-01-01 10:00:00,0
Haringey,0.09850746268656717,2015-01-01 11:00:00,0
Haringey,0.1791044776119403,2015-01-01 12:00:00,0
Haringey,0.3880597014925373,2015-01-01 13:00:00,0
Haringey,0.35522388059701493,2015-01-01 14:00:00,0
Haringey,0.2716417910447761,2015-01-01 15:00:00,0
Haringey,0.5432835820895522,2015-01-01 16:00:00,0
Haringey,0.44477611940298506,2015-01-01 17:00:00,0
Haringey,0.6776119402985075,2015-01-01 18:00:00,0
Haringey,1.0,2015-01-01 19:00:00,0
Haringey,0.5492537313432836,2015-01-01 20:00:00,0
Haringey,0.4835820895522388,2015-01-01 21:00:00,0
Haringey,0.34328358208955223,2015-01-01 22:00:00,0
Haringey,0.26865671641791045,2015-01-01 23:00:00,0
Haringey,0.24477611940298508,2015-02-01 00:00:00,0
Haringey,0.2656716417910448,2015-02-01 01:00:00,0
Haringey,0.208955223880597,2015-02-01 02:00:00,0
Haringey,0.0626865671641791,2015-02-01 03:00:00,0
Harrow,0.09352517985611511,2014-12-31 04:00:00,0
Harrow,0.0,2014-12-31 05:00:00,0
Harrow,0.014388489208633094,2014-12-31 06:00:00,0
Harrow,0.03597122302158273,2014-12-31 07:00:00,0
Harrow,0.10071942446043165,2014-12-31 08:00:00,0
Harrow,0.20863309352517986,2014-12-31 09:00:00,0
Harrow,0.34532374100719426,2014-12-31 10:00:00,0
Harrow,0.4676258992805755,2014-12-31 11:00:00,0
Harrow,0.3237410071942446,2014-12-31 12:00:00,0
Harrow,0.20863309352517986,2014-12-31 13:00:00,0
Harrow,0.16546762589928057,2014-12-31 14:00:00,0
Harrow,0.18705035971223022,2014-12-31 15:00:00,0
Harrow,0.381294964028777,2014-12-31 16:00:00,0
Harrow,0.2158273381294964,2014-12-31 17:00:00,0
Harrow,0.2446043165467626,2014-12-31 18:00:00,0
Harrow,0.23741007194244604,2014-12-31 19:00:00,0
Harrow,0.30935251798561153,2014-12-31 20:00:00,0
Harrow,0.26618705035971224,2014-12-31 21:00:00,0
Harrow,0.15827338129496402,2014-12-31 22:00:00,0
Harrow,0.1510791366906475,2014-12-31 23:00:00,0
Harrow,0.5035971223021583,2015-01-01 00:00:00,0
Harrow,0.1079136690647482,2015-01-01 01:00:00,0
Harrow,0.2302158273381295,2015-01-01 02:00:00,0
Harrow,0.050359712230215826,2015-01-01 03:00:00,0
Harrow,0.07194244604316546,2015-01-01 04:00:00,0
Harrow,0.007194244604316547,2015-01-01 05:00:00,0
Harrow,0.07913669064748201,2015-01-01 06:00:00,0
Harrow,0.007194244604316547,2015-01-01 07:00:00,0
Harrow,0.15827338129496402,2015-01-01 08:00:00,0
Harrow,0.1366906474820144,2015-01-01 09:00:00,0
Harrow,0.09352517985611511,2015-01-01 10:00:00,0
Harrow,0.2302158273381295,2015-01-01 11:00:00,0
Harrow,0.34532374100719426,2015-01-01 12:00:00,0
Harrow,0.302158273381295,2015-01-01 13:00:00,0
Harrow,0.41007194244604317,2015-01-01 14:00:00,0
Harrow,0.5035971223021583,2015-01-01 15:00:00,0
Harrow,0.9568345323741008,2015-01-01 16:00:00,0
Harrow,0.4460431654676259,2015-01-01 17:00:00,0
Harrow,0.8129496402877698,2015-01-01 18:00:00,0
Harrow,0.6330935251798561,2015-01-01 19:00:00,0
Harrow,0.4316546762589928,2015-01-01 20:00:00,0
Harrow,1.0,2015-01-01 21:00:00,0
Harrow,0.5971223021582733,2015-01-01 22:00:00,0
Harrow,0.5611510791366906,2015-01-01 23:00:00,0
Harrow,0.49640287769784175,2015-02-01 00:00:00,0
Harrow,0.3381294964028777,2015-02-01 01:00:00,0
Harrow,0.07194244604316546,2015-02-01 02:00:00,0
Harrow,0.1079136690647482,2015-02-01 03:00:00,0
Havering,0.006289308176100629,2014-12-31 04:00:00,1
Havering,0.012578616352201259,2014-12-31 05:00:00,1
Havering,0.012578616352201259,2014-12-31 06:00:00,1
Havering,0.06289308176100629,2014-12-31 07:00:00,1
Havering,0.1509433962264151,2014-12-31 08:00:00,1
Havering,0.27672955974842767,2014-12-31 09:00:00,1
Havering,0.34591194968553457,2014-12-31 10:00:00,1
Havering,0.5471698113207547,2014-12-31 11:00:00,1
Havering,0.5534591194968553,2014-12-31 12:00:00,1
Havering,0.6540880503144654,2014-12-31 13:00:00,1
Havering,0.33962264150943394,2014-12-31 14:00:00,1
Havering,0.5911949685534591,2014-12-31 15:00:00,1
Havering,0.4968553459119497,2014-12-31 16:00:00,1
Havering,0.37735849056603776,2014-12-31 17:00:00,1
Havering,0.559748427672956,2014-12-31 18:00:00,1
Havering,0.3522012578616352,2014-12-31 19:00:00,1
Havering,0.2578616352201258,2014-12-31 20:00:00,1
Havering,0.27672955974842767,2014-12-31 21:00:00,1
Havering,0.24528301886792453,2014-12-31 22:00:00,1
Havering,0.29559748427672955,2014-12-31 23:00:00,1
Havering,0.5974842767295597,2015-01-01 00:00:00,1
Havering,0.5220125786163522,2015-01-01 01:00:00,1
Havering,0.3270440251572327,2015-01-01 02:00:00,1
Havering,0.22641509433962265,2015-01-01 03:00:00,1
Havering,0.2138364779874214,2015-01-01 04:00:00,1
Havering,0.0,2015-01-01 05:00:00,1
Havering,0.031446540880503145,2015-01-01 06:00:00,1
Havering,0.05660377358490566,2015-01-01 07:00:00,1
Havering,0.03773584905660377,2015-01-01 08:00:00,1
Havering,0.16352201257861634,2015-01-01 09:00:00,1
Havering,0.4088050314465409,2015-01-01 10:00:00,1
Havering,0.4591194968553459,2015-01-01 11:00:00,1
Havering,0.5911949685534591,2015-01-01 12:00:00,1
Havering,0.559748427672956,2015-01-01 13:00:00,1
Havering,0.5849056603773585,2015-01-01 14:00:00,1
Havering,0.4339622641509434,2015-01-01 15:00:00,1
Havering,0.5345911949685535,2015-01-01 16:00:00,1
Havering,0.5786163522012578,2015-01-01 17:00:00,1
Havering,1.0,2015-01-01 18:00:00,1
Havering,0.7232704402515723,2015-01-01 19:00:00,1
Havering,0.5408805031446541,2015-01-01 20:00:00,1
Havering,0.9811320754716981,2015-01-01 21:00:00,1
Havering,0.9119496855345912,2015-01-01 22:00:00,1
Havering,0.5911949685534591,2015-01-01 23:00:00,1
Havering,0.39622641509433965,2015-02-01 00:00:00,1
Havering,0.16981132075471697,2015-02-01 01:00:00,1
Havering,0.10062893081761007,2015-02-01 02:00:00,1
Havering,0.006289308176100629,2015-02-01 03:00:00,1
Hillingdon,0.0,2014-12-31 04:00:00,1
Hillingdon,0.015151515151515152,2014-12-31 05:00:00,1
Hillingdon,0.10101010101010101,2014-12-31 06:00:00,1
Hillingdon,0.1414141414141414,2014-12-31 07:00:00,1
Hillingdon,0.3282828282828283,2014-12-31 08:00:00,1
Hillingdon,0.3484848484848485,2014-12-31 09:00:00,1
Hillingdon,0.3838383838383838,2014-12-31 10:00:00,1
Hillingdon,0.4595959595959596,2014-12-31 11:00:00,1
Hillingdon,0.6767676767676768,2014-12-31 12:00:00,1
Hillingdon,0.5252525252525253,2014-12-31 13:00:00,1
Hillingdon,0.4090909090909091,2014-12-31 14:00:00,1
Hillingdon,0.4797979797979798,2014-12-31 15:00:00,1
Hillingdon,0.41919191919191917,2014-12-31 16:00:00,1
Hillingdon,0.41919191919191917,2014-12-31 17:00:00,1
Hillingdon,0.48484848484848486,2014-12-31 18:00:00,1
Hillingdon,0.5656565656565656,2014-12-31 19:00:00,1
Hillingdon,0.3939393939393939,2014-12-31 20:00:00,1
Hillingdon,0.29292929292929293,2014-12-31 21:00:00,1
Hillingdon,0.3333333333333333,2014-12-31 22:00:00,1
Hillingdon,0.4393939393939394,2014-12-31 23:00:00,1
Hillingdon,0.5808080808080808,2015-01-01 00:00:00,1
Hillingdon,0.19696969696969696,2015-01-01 01:00:00,1
Hillingdon,0.14646464646464646,2015-01-01 02:00:00,1
Hillingdon,0.11616161616161616,2015-01-01 03:00:00,1
Hillingdon,0.10101010101010101,2015-01-01 04:00:00,1
Hillingdon,0.015151515151515152,2015-01-01 05:00:00,1
Hillingdon,0.05555555555555555,2015-01-01 06:00:00,1
Hillingdon,0.020202020202020204,2015-01-01 07:00:00,1
Hillingdon,0.08080808080808081,2015-01-01 08:00:00,1
Hillingdon,0.23232323232323232,2015-01-01 09:00:00,1
Hillingdon,0.25757575757575757,2015-01-01 10:00:00,1
Hillingdon,0.4393939393939394,2015-01-01 11:00:00,1
Hillingdon,0.4898989898989899,2015-01-01 12:00:00,1
Hillingdon,0.5959595959595959,2015-01-01 13:00:00,1
Hillingdon,0.5656565656565656,2015-01-01 14:00:00,1
Hillingdon,0.6161616161616161,2015-01-01 15:00:00,1
Hillingdon,0.8131313131313131,2015-01-01 16:00:00,1
Hillingdon,0.5404040404040404,2015-01-01 17:00:00,1
Hillingdon,0.702020202020202,2015-01-01 18:00:00,1
Hillingdon,1.0,2015-01-01 19:00:00,1
Hillingdon,0.7323232323232324,2015-01-01 20:00:00,1
Hillingdon,0.8838383838383839,2015-01-01 21:00:00,1
Hillingdon,0.5151515151515151,2015-01-01 22:00:00,1
Hillingdon,0.6565656565656566,2015-01-01 23:00:00,1
Hillingdon,0.5959595959595959,2015-02-01 00:00:00,1
Hillingdon,0.2222222222222222,2015-02-01 01:00:00,1
Hillingdon,0.30303030303030304,2015-02-01 02:00:00,1
Hillingdon,0.05555555555555555,2015-02-01 03:00:00,1
Hounslow,0.0898876404494382,2014-12-31 04:00:00,1
Hounslow,0.02247191011235955,2014-12-31 05:00:00,1
Hounslow,0.02247191011235955,2014-12-31 06:00:00,1
Hounslow,0.033707865168539325,2014-12-31 07:00:00,1
Hounslow,0.14606741573033707,2014-12-31 08:00:00,1
Hounslow,0.47191011235955055,2014-12-31 09:00:00,1
Hounslow,0.4157303370786517,2014-12-31 10:00:00,1
Hounslow,0.33707865168539325,2014-12-31 11:00:00,1
Hounslow,0.29213483146067415,2014-12-31 12:00:00,1
Hounslow,0.34831460674157305,2014-12-31 13:00:00,1
Hounslow,0.3258426966292135,2014-12-31 14:00:00,1
Hounslow,0.38202247191011235,2014-12-31 15:00:00,1
Hounslow,0.3595505617977528,2014-12-31 16:00:00,1
Hounslow,0.550561797752809,2014-12-31 17:00:00,1
Hounslow,0.48314606741573035,2014-12-31 18:00:00,1
Hounslow,0.47191011235955055,2014-12-31 19:00:00,1
Hounslow,0.38202247191011235,2014-12-31 20:00:00,1
Hounslow,0.38202247191011235,2014-12-31 21:00:00,1
Hounslow,0.3258426966292135,2014-12-31 22:00:00,1
Hounslow,0.3595505617977528,2014-12-31 23:00:00,1
Hounslow,1.0,2015-01-01 00:00:00,1
Hounslow,0.34831460674157305,2015-01-01 01:00:00,1
Hounslow,0.3258426966292135,2015-01-01 02:00:00,1
Hounslow,0.29213483146067415,2015-01-01 03:00:00,1
Hounslow,0.1348314606741573,2015-01-01 04:00:00,1
Hounslow,0.033707865168539325,2015-01-01 05:00:00,1
Hounslow,0.0,2015-01-01 06:00:00,1
Hounslow,0.056179775280898875,2015-01-01 07:00:00,1
Hounslow,0.0449438202247191,2015-01-01 08:00:00,1
Hounslow,0.14606741573033707,2015-01-01 09:00:00,1
Hounslow,0.23595505617977527,2015-01-01 10:00:00,1
Hounslow,0.2696629213483146,2015-01-01 11:00:00,1
Hounslow,0.449438202247191,2015-01-01 12:00:00,1
Hounslow,0.550561797752809,2015-01-01 13:00:00,1
Hounslow,0.6404494382022472,2015-01-01 14:00:00,1
Hounslow,0.34831460674157305,2015-01-01 15:00:00,1
Hounslow,0.6966292134831461,2015-01-01 16:00:00,1
Hounslow,0.3707865168539326,2015-01-01 17:00:00,1
Hounslow,0.8426966292134831,2015-01-01 18:00:00,1
Hounslow,0.9325842696629213,2015-01-01 19:00:00,1
Hounslow,0.24719101123595505,2015-01-01 20:00:00,1
Hounslow,0.5280898876404494,2015-01-01 21:00:00,1
Hounslow,0.5730337078651685,2015-01-01 22:00:00,1
Hounslow,0.6853932584269663,2015-01-01 23:00:00,1
Hounslow,0.449438202247191,2015-02-01 00:00:00,1
Hounslow,0.20224719101123595,2015-02-01 01:00:00,1
Hounslow,0.07865168539325842,2015-02-01 02:00:00,1
Hounslow,0.011235955056179775,2015-02-01 03:00:00,1
Islington,0.019867549668874173,2014-12-31 04:00:00,1
Islington,0.0,2014-12-31 05:00:00,1
Islington,0.052980132450331126,2014-12-31 06:00:00,1
Islington,0.0728476821192053,2014-12-31 07:00:00,1
Islington,0.1456953642384106,2014-12-31 08:00:00,1
Islington,0.3576158940397351,2014-12-31 09:00:00,1
Islington,0.3841059602649007,2014-12-31 10:00:00,1
Islington,0.3973509933774834,2014-12-31 11:00:00,1
Islington,0.5629139072847682,2014-12-31 12:00:00,1
Islington,0.7284768211920529,2014-12-31 13:00:00,1
Islington,0.5033112582781457,2014-12-31 14:00:00,1
Islington,0.4304635761589404,2014-12-31 15:00:00,1
Islington,0.3576158940397351,2014-12-31 16:00:00,1
Islington,0.5496688741721855,2014-12-31 17:00:00,1
Islington,0.543046357615894,2014-12-31 18:00:00,1
Islington,0.46357615894039733,2014-12-31 19:00:00,1
Islington,0.3708609271523179,2014-12-31 20:00:00,1
Islington,0.5960264900662252,2014-12-31 21:00:00,1
Islington,0.6158940397350994,2014-12-31 22:00:00,1
Islington,0.543046357615894,2014-12-31 23:00:00,1
Islington,0.8807947019867549,2015-01-01 00:00:00,1
Islington,0.4900662251655629,2015-01-01 01:00:00,1
Islington,0.5364238410596026,2015-01-01 02:00:00,1
Islington,0.271523178807947,2015-01-01 03:00:00,1
Islington,0.19205298013245034,2015-01-01 04:00:00,1
Islington,0.11920529801324503,2015-01-01 05:00:00,1
Islington,0.08609271523178808,2015-01-01 06:00:00,1
Islington,0.052980132450331126,2015-01-01 07:00:00,1
Islington,0.1390728476821192,2015-01-01 08:00:00,1
Islington,0.15894039735099338,2015-01-01 09:00:00,1
Islington,0.2251655629139073,2015-01-01 10:00:00,1
Islington,0.5165562913907285,2015-01-01 11:00:00,1
Islington,0.6291390728476821,2015-01-01 12:00:00,1
Islington,0.6688741721854304,2015-01-01 13:00:00,1
Islington,0.6821192052980133,2015-01-01 14:00:00,1
Islington,0.7880794701986755,2015-01-01 15:00:00,1
Islington,1.0,2015-01-01 16:00:00,1
Islington,0.7019867549668874,2015-01-01 17:00:00,1
Islington,0.7682119205298014,2015-01-01 18:00:00,1
Islington,0.7549668874172185,2015-01-01 19:00:00,1
Islington,0.7086092715231788,2015-01-01 20:00:00,1
Islington,0.8211920529801324,2015-01-01 21:00:00,1
Islington,0.7549668874172185,2015-01-01 22:00:00,1
Islington,0.6423841059602649,2015-01-01 23:00:00,1
Islington,0.2781456953642384,2015-02-01 00:00:00,1
Islington,0.3576158940397351,2015-02-01 01:00:00,1
Islington,0.12582781456953643,2015-02-01 02:00:00,1
Islington,0.08609271523178808,2015-02-01 03:00:00,1
Kensington and Chelsea,0.05813953488372093,2014-12-31 04:00:00,2
Kensington and Chelsea,0.05232558139534884,2014-12-31 05:00:00,2
Kensington and Chelsea,0.09302325581395349,2014-12-31 06:00:00,2
Kensington and Chelsea,0.046511627906976744,2014-12-31 07:00:00,2
Kensington and Chelsea,0.11046511627906977,2014-12-31 08:00:00,2
Kensington and Chelsea,0.13953488372093023,2014-12-31 09:00:00,2
Kensington and Chelsea,0.25,2014-12-31 10:00:00,2
Kensington and Chelsea,0.25,2014-12-31 11:00:00,2
Kensington and Chelsea,0.32558139534883723,2014-12-31 12:00:00,2
Kensington and Chelsea,0.38953488372093026,2014-12-31 13:00:00,2
Kensington and Chelsea,0.38953488372093026,2014-12-31 14:00:00,2
Kensington and Chelsea,0.45348837209302323,2014-12-31 15:00:00,2
Kensington and Chelsea,0.4069767441860465,2014-12-31 16:00:00,2
Kensington and Chelsea,0.45930232558139533,2014-12-31 17:00:00,2
Kensington and Chelsea,0.32558139534883723,2014-12-31 18:00:00,2
Kensington and Chelsea,0.4127906976744186,2014-12-31 19:00:00,2
Kensington and Chelsea,0.37209302325581395,2014-12-31 20:00:00,2
Kensington and Chelsea,0.28488372093023256,2014-12-31 21:00:00,2
Kensington and Chelsea,0.38372093023255816,2014-12-31 22:00:00,2
Kensington and Chelsea,0.4941860465116279,2014-12-31 23:00:00,2
Kensington and Chelsea,0.6744186046511628,2015-01-01 00:00:00,2
Kensington and Chelsea,0.28488372093023256,2015-01-01 01:00:00,2
Kensington and Chelsea,0.1686046511627907,2015-01-01 02:00:00,2
Kensington and Chelsea,0.08139534883720931,2015-01-01 03:00:00,2
Kensington and Chelsea,0.06976744186046512,2015-01-01 04:00:00,2
Kensington and Chelsea,0.03488372093023256,2015-01-01 05:00:00,2
Kensington and Chelsea,0.040697674418604654,2015-01-01 06:00:00,2
Kensington and Chelsea,0.08139534883720931,2015-01-01 07:00:00,2
Kensington and Chelsea,0.0,2015-01-01 08:00:00,2
Kensington and Chelsea,0.11627906976744186,2015-01-01 09:00:00,2
Kensington and Chelsea,0.20348837209302326,2015-01-01 10:00:00,2
Kensington and Chelsea,0.20348837209302326,2015-01-01 11:00:00,2
Kensington and Chelsea,0.47093023255813954,2015-01-01 12:00:00,2
Kensington and Chelsea,0.5523255813953488,2015-01-01 13:00:00,2
Kensington and Chelsea,0.5465116279069767,2015-01-01 14:00:00,2
Kensington and Chelsea,1.0,2015-01-01 15:00:00,2
Kensington and Chelsea,0.4069767441860465,2015-01-01 16:00:00,2
Kensington and Chelsea,0.27906976744186046,2015-01-01 17:00:00,2
Kensington and Chelsea,0.5,2015-01-01 18:00:00,2
Kensington and Chelsea,0.20930232558139536,2015-01-01 19:00:00,2
Kensington and Chelsea,0.436046511627907,2015-01-01 20:00:00,2
Kensington and Chelsea,0.3372093023255814,2015-01-01 21:00:00,2
Kensington and Chelsea,0.563953488372093,2015-01-01 22:00:00,2
Kensington and Chelsea,0.3081395348837209,2015-01-01 23:00:00,2
Kensington and Chelsea,0.37209302325581395,2015-02-01 00:00:00,2
Kensington and Chelsea,0.1744186046511628,2015-02-01 01:00:00,2
Kensington and Chelsea,0.0872093023255814,2015-02-01 02:00:00,2
Kensington and Chelsea,0.21511627906976744,2015-02-01 03:00:00,2
Kingston upon Thames,0.013888888888888888,2014-12-31 04:00:00,1
Kingston upon Thames,0.027777777777777776,2014-12-31 05:00:00,1
Kingston upon Thames,0.0,2014-12-31 06:00:00,1
Kingston upon Thames,0.08333333333333333,2014-12-31 07:00:00,1
Kingston upon Thames,0.19444444444444445,2014-12-31 08:00:00,1
Kingston upon Thames,0.6944444444444444,2014-12-31 09:00:00,1
Kingston upon Thames,0.5416666666666666,2014-12-31 10:00:00,1
Kingston upon Thames,0.5694444444444444,2014-12-31 11:00:00,1
Kingston upon Thames,0.3611111111111111,2014-12-31 12:00:00,1
Kingston upon Thames,0.5694444444444444,2014-12-31 13:00:00,1
Kingston upon Thames,0.375,2014-12-31 14:00:00,1
Kingston upon Thames,0.5555555555555556,2014-12-31 15:00:00,1
Kingston upon Thames,0.5,2014-12-31 16:00:00,1
Kingston upon Thames,0.5138888888888888,2014-12-31 17:00:00,1
Kingston upon Thames,0.3055555555555556,2014-12-31 18:00:00,1
Kingston upon Thames,0.4305555555555556,2014-12-31 19:00:00,1
Kingston upon Thames,0.2916666666666667,2014-12-31 20:00:00,1
Kingston upon Thames,0.3194444444444444,2014-12-31 21:00:00,1
Kingston upon Thames,0.25,2014-12-31 22:00:00,1
Kingston upon Thames,0.4722222222222222,2014-12-31 23:00:00,1
Kingston upon Thames,0.7361111111111112,2015-01-01 00:00:00,1
Kingston upon Thames,0.3472222222222222,2015-01-01 01:00:00,1
Kingston upon Thames,0.18055555555555555,2015-01-01 02:00:00,1
Kingston upon Thames,0.041666666666666664,2015-01-01 03:00:00,1
Kingston upon Thames,0.08333333333333333,2015-01-01 04:00:00,1
Kingston upon Thames,0.08333333333333333,2015-01-01 05:00:00,1
Kingston upon Thames,0.0,2015-01-01 06:00:00,1
Kingston upon Thames,0.05555555555555555,2015-01-01 07:00:00,1
Kingston upon Thames,0.08333333333333333,2015-01-01 08:00:00,1
Kingston upon Thames,0.3333333333333333,2015-01-01 09:00:00,1
Kingston upon Thames,0.6527777777777778,2015-01-01 10:00:00,1
Kingston upon Thames,0.4583333333333333,2015-01-01 11:00:00,1
Kingston upon Thames,0.5277777777777778,2015-01-01 12:00:00,1
Kingston upon Thames,0.4861111111111111,2015-01-01 13:00:00,1
Kingston upon Thames,0.4305555555555556,2015-01-01 14:00:00,1
Kingston upon Thames,0.5,2015-01-01 15:00:00,1
Kingston upon Thames,0.7638888888888888,2015-01-01 16:00:00,1
Kingston upon Thames,0.4861111111111111,2015-01-01 17:00:00,1
Kingston upon Thames,0.9305555555555556,2015-01-01 18:00:00,1
Kingston upon Thames,1.0,2015-01-01 19:00:00,1
Kingston upon Thames,0.7638888888888888,2015-01-01 20:00:00,1
Kingston upon Thames,0.5833333333333334,2015-01-01 21:00:00,1
Kingston upon Thames,0.5833333333333334,2015-01-01 22:00:00,1
Kingston upon Thames,0.4583333333333333,2015-01-01 23:00:00,1
Kingston upon Thames,0.4027777777777778,2015-02-01 00:00:00,1
Kingston upon Thames,0.1527777777777778,2015-02-01 01:00:00,1
Kingston upon Thames,0.1388888888888889,2015-02-01 02:00:00,1
Kingston upon Thames,0.375,2015-02-01 03:00:00,1
Lambeth,0.022222222222222223,2014-12-31 04:00:00,2
Lambeth,0.06349206349206349,2014-12-31 05:00:00,2
Lambeth,0.0,2014-12-31 06:00:00,2
Lambeth,0.01904761904761905,2014-12-31 07:00:00,2
Lambeth,0.07936507936507936,2014-12-31 08:00:00,2
Lambeth,0.12063492063492064,2014-12-31 09:00:00,2
Lambeth,0.2253968253968254,2014-12-31 10:00:00,2
Lambeth,0.23809523809523808,2014-12-31 11:00:00,2
Lambeth,0.35873015873015873,2014-12-31 12:00:00,2
Lambeth,0.2857142857142857,2014-12-31 13:00:00,2
Lambeth,0.2634920634920635,2014-12-31 14:00:00,2
Lambeth,0.20317460317460317,2014-12-31 15:00:00,2
Lambeth,0.26031746031746034,2014-12-31 16:00:00,2
Lambeth,0.41904761904761906,2014-12-31 17:00:00,2
Lambeth,0.4126984126984127,2014-12-31 18:00:00,2
Lambeth,0.39365079365079364,2014-12-31 19:00:00,2
Lambeth,0.3111111111111111,2014-12-31 20:00:00,2
Lambeth,0.3333333333333333,2014-12-31 21:00:00,2
Lambeth,0.27936507936507937,2014-12-31 22:00:00,2
Lambeth,0.49206349206349204,2014-12-31 23:00:00,2
Lambeth,1.0,2015-01-01 00:00:00,2
Lambeth,0.5904761904761905,2015-01-01 01:00:00,2
Lambeth,0.33650793650793653,2015-01-01 02:00:00,2
Lambeth,0.1492063492063492,2015-01-01 03:00:00,2
Lambeth,0.09841269841269841,2015-01-01 04:00:00,2
Lambeth,0.0380952380952381,2015-01-01 05:00:00,2
Lambeth,0.03492063492063492,2015-01-01 06:00:00,2
Lambeth,0.015873015873015872,2015-01-01 07:00:00,2
Lambeth,0.05714285714285714,2015-01-01 08:00:00,2
Lambeth,0.09206349206349207,2015-01-01 09:00:00,2
Lambeth,0.21587301587301588,2015-01-01 10:00:00,2
Lambeth,0.24444444444444444,2015-01-01 11:00:00,2
Lambeth,0.2571428571428571,2015-01-01 12:00:00,2
Lambeth,0.2571428571428571,2015-01-01 13:00:00,2
Lambeth,0.3142857142857143,2015-01-01 14:00:00,2
Lambeth,0.43492063492063493,2015-01-01 15:00:00,2
Lambeth,0.43492063492063493,2015-01-01 16:00:00,2
Lambeth,0.3523809523809524,2015-01-01 17:00:00,2
Lambeth,0.4603174603174603,2015-01-01 18:00:00,2
Lambeth,0.40634920634920635,2015-01-01 19:00:00,2
Lambeth,0.5841269841269842,2015-01-01 20:00:00,2
Lambeth,0.46984126984126984,2015-01-01 21:00:00,2
Lambeth,0.38412698412698415,2015-01-01 22:00:00,2
Lambeth,0.4857142857142857,2015-01-01 23:00:00,2
Lambeth,0.3396825396825397,2015-02-01 00:00:00,2
Lambeth,0.17777777777777778,2015-02-01 01:00:00,2
Lambeth,0.12698412698412698,2015-02-01 02:00:00,2
Lambeth,0.01904761904761905,2015-02-01 03:00:00,2
Lewisham,0.058823529411764705,2014-12-31 04:00:00,0
Lewisham,0.1,2014-12-31 05:00:00,0
Lewisham,0.058823529411764705,2014-12-31 06:00:00,0
Lewisham,0.058823529411764705,2014-12-31 07:00:00,0
Lewisham,0.11764705882352941,2014-12-31 08:00:00,0
Lewisham,0.2647058823529412,2014-12-31 09:00:00,0
Lewisham,0.2823529411764706,2014-12-31 10:00:00,0
Lewisham,0.32941176470588235,2014-12-31 11:00:00,0
Lewisham,0.2235294117647059,2014-12-31 12:00:00,0
Lewisham,0.32941176470588235,2014-12-31 13:00:00,0
Lewisham,0.21176470588235294,2014-12-31 14:00:00,0
Lewisham,0.21176470588235294,2014-12-31 15:00:00,0
Lewisham,0.48823529411764705,2014-12-31 16:00:00,0
Lewisham,0.31176470588235294,2014-12-31 17:00:00,0
Lewisham,0.35294117647058826,2014-12-31 18:00:00,0
Lewisham,0.32941176470588235,2014-12-31 19:00:00,0
Lewisham,0.2,2014-12-31 20:00:00,0
Lewisham,0.21176470588235294,2014-12-31 21:00:00,0
Lewisham,0.27058823529411763,2014-12-31 22:00:00,0
Lewisham,0.20588235294117646,2014-12-31 23:00:00,0
Lewisham,0.6882352941176471,2015-01-01 00:00:00,0
Lewisham,0.12352941176470589,2015-01-01 01:00:00,0
Lewisham,0.17647058823529413,2015-01-01 02:00:00,0
Lewisham,0.1,2015-01-01 03:00:00,0
Lewisham,0.06470588235294118,2015-01-01 04:00:00,0
Lewisham,0.058823529411764705,2015-01-01 05:00:00,0
Lewisham,0.029411764705882353,2015-01-01 06:00:00,0
Lewisham,0.0,2015-01-01 07:00:00,0
Lewisham,0.0058823529411764705,2015-01-01 08:00:00,0
Lewisham,0.06470588235294118,2015-01-01 09:00:00,0
Lewisham,0.14705882352941177,2015-01-01 10:00:00,0
Lewisham,0.31176470588235294,2015-01-01 11:00:00,0
Lewisham,0.22941176470588234,2015-01-01 12:00:00,0
Lewisham,0.25882352941176473,2015-01-01 13:00:00,0
Lewisham,0.18823529411764706,2015-01-01 14:00:00,0
Lewisham,0.4294117647058823,2015-01-01 15:00:00,0
Lewisham,0.4588235294117647,2015-01-01 16:00:00,0
Lewisham,0.31176470588235294,2015-01-01 17:00:00,0
Lewisham,0.5352941176470588,2015-01-01 18:00:00,0
Lewisham,0.6882352941176471,2015-01-01 19:00:00,0
Lewisham,0.4,2015-01-01 20:00:00,0
Lewisham,0.7647058823529411,2015-01-01 21:00:00,0
Lewisham,1.0,2015-01-01 22:00:00,0
Lewisham,0.7,2015-01-01 23:00:00,0
Lewisham,0.38235294117647056,2015-02-01 00:00:00,0
Lewisham,0.27647058823529413,2015-02-01 01:00:00,0
Lewisham,0.16470588235294117,2015-02-01 02:00:00,0
Lewisham,0.11764705882352941,2015-02-01 03:00:00,0
Merton,0.043478260869565216,2014-12-31 04:00:00,2
Merton,0.2782608695652174,2014-12-31 05:00:00,2
Merton,0.0,2014-12-31 06:00:00,2
Merton,0.043478260869565216,2014-12-31 07:00:00,2
Merton,0.043478260869565216,2014-12-31 08:00:00,2
Merton,0.1826086956521739,2014-12-31 09:00:00,2
Merton,0.2782608695652174,2014-12-31 10:00:00,2
Merton,0.2782608695652174,2014-12-31 11:00:00,2
Merton,0.3739130434782609,2014-12-31 12:00:00,2
Merton,0.2782608695652174,2014-12-31 13:00:00,2
Merton,0.41739130434782606,2014-12-31 14:00:00,2
Merton,0.22608695652173913,2014-12-31 15:00:00,2
Merton,0.2,2014-12-31 16:00:00,2
Merton,0.41739130434782606,2014-12-31 17:00:00,2
Merton,0.40869565217391307,2014-12-31 18:00:00,2
Merton,0.30434782608695654,2014-12-31 19:00:00,2
Merton,0.3130434782608696,2014-12-31 20:00:00,2
Merton,0.3565217391304348,2014-12-31 21:00:00,2
Merton,0.21739130434782608,2014-12-31 22:00:00,2
Merton,0.34782608695652173,2014-12-31 23:00:00,2
Merton,0.808695652173913,2015-01-01 00:00:00,2
Merton,0.17391304347826086,2015-01-01 01:00:00,2
Merton,0.17391304347826086,2015-01-01 02:00:00,2
Merton,0.22608695652173913,2015-01-01 03:00:00,2
Merton,0.08695652173913043,2015-01-01 04:00:00,2
Merton,0.14782608695652175,2015-01-01 05:00:00,2
Merton,0.0,2015-01-01 06:00:00,2
Merton,0.02608695652173913,2015-01-01 07:00:00,2
Merton,0.043478260869565216,2015-01-01 08:00:00,2
Merton,0.06086956521739131,2015-01-01 09:00:00,2
Merton,0.10434782608695652,2015-01-01 10:00:00,2
Merton,0.23478260869565218,2015-01-01 11:00:00,2
Merton,0.41739130434782606,2015-01-01 12:00:00,2
Merton,0.6695652173913044,2015-01-01 13:00:00,2
Merton,0.7391304347826086,2015-01-01 14:00:00,2
Merton,0.4434782608695652,2015-01-01 15:00:00,2
Merton,0.28695652173913044,2015-01-01 16:00:00,2
Merton,0.30434782608695654,2015-01-01 17:00:00,2
Merton,0.41739130434782606,2015-01-01 18:00:00,2
Merton,0.5652173913043478,2015-01-01 19:00:00,2
Merton,0.5739130434782609,2015-01-01 20:00:00,2
Merton,1.0,2015-01-01 21:00:00,2
Merton,0.43478260869565216,2015-01-01 22:00:00,2
Merton,0.4608695652173913,2015-01-01 23:00:00,2
Merton,0.2956521739130435,2015-02-01 00:00:00,2
Merton,0.12173913043478261,2015-02-01 01:00:00,2
Merton,0.05217391304347826,2015-02-01 02:00:00,2
Merton,0.2,2015-02-01 03:00:00,2
Newham,0.004347826086956522,2014-12-31 04:00:00,1
Newham,0.0,2014-12-31 05:00:00,1
Newham,0.0,2014-12-31 06:00:00,1
Newham,0.05217391304347826,2014-12-31 07:00:00,1
Newham,0.10434782608695652,2014-12-31 08:00:00,1
Newham,0.30869565217391304,2014-12-31 09:00:00,1
Newham,0.2565217391304348,2014-12-31 10:00:00,1
Newham,0.29130434782608694,2014-12-31 11:00:00,1
Newham,0.4826086956521739,2014-12-31 12:00:00,1
Newham,0.4217391304347826,2014-12-31 13:00:00,1
Newham,0.29130434782608694,2014-12-31 14:00:00,1
Newham,0.3739130434782609,2014-12-31 15:00:00,1
Newham,0.3739130434782609,2014-12-31 16:00:00,1
Newham,0.21304347826086956,2014-12-31 17:00:00,1
Newham,0.2391304347826087,2014-12-31 18:00:00,1
Newham,0.23043478260869565,2014-12-31 19:00:00,1
Newham,0.20869565217391303,2014-12-31 20:00:00,1
Newham,0.1956521739130435,2014-12-31 21:00:00,1
Newham,0.3,2014-12-31 22:00:00,1
Newham,0.4260869565217391,2014-12-31 23:00:00,1
Newham,0.6434782608695652,2015-01-01 00:00:00,1
Newham,0.28695652173913044,2015-01-01 01:00:00,1
Newham,0.28695652173913044,2015-01-01 02:00:00,1
Newham,0.1391304347826087,2015-01-01 03:00:00,1
Newham,0.02608695652173913,2015-01-01 04:00:00,1
Newham,0.05217391304347826,2015-01-01 05:00:00,1
Newham,0.0391304347826087,2015-01-01 06:00:00,1
Newham,0.008695652173913044,2015-01-01 07:00:00,1
Newham,0.030434782608695653,2015-01-01 08:00:00,1
Newham,0.1,2015-01-01 09:00:00,1
Newham,0.21304347826086956,2015-01-01 10:00:00,1
Newham,0.2826086956521739,2015-01-01 11:00:00,1
Newham,0.5043478260869565,2015-01-01 12:00:00,1
Newham,0.4782608695652174,2015-01-01 13:00:00,1
Newham,0.782608695652174,2015-01-01 14:00:00,1
Newham,0.908695652173913,2015-01-01 15:00:00,1
Newham,1.0,2015-01-01 16:00:00,1
Newham,0.7130434782608696,2015-01-01 17:00:00,1
Newham,0.6173913043478261,2015-01-01 18:00:00,1
Newham,0.591304347826087,2015-01-01 19:00:00,1
Newham,0.6521739130434783,2015-01-01 20:00:00,1
Newham,0.7521739130434782,2015-01-01 21:00:00,1
Newham,0.43478260869565216,2015-01-01 22:00:00,1
Newham,0.44782608695652176,2015-01-01 23:00:00,1
Newham,0.4260869565217391,2015-02-01 00:00:00,1
Newham,0.3347826086956522,2015-02-01 01:00:00,1
Newham,0.15217391304347827,2015-02-01 02:00:00,1
Newham,0.043478260869565216,2015-02-01 03:00:00,1
Redbridge,0.03546099290780142,2014-12-31 04:00:00,0
Redbridge,0.0,2014-12-31 05:00:00,0
Redbridge,0.0,2014-12-31 06:00:00,0
Redbridge,0.22695035460992907,2014-12-31 07:00:00,0
Redbridge,0.11347517730496454,2014-12-31 08:00:00,0
Redbridge,0.11347517730496454,2014-12-31 09:00:00,0
Redbridge,0.23404255319148937,2014-12-31 10:00:00,0
Redbridge,0.2765957446808511,2014-12-31 11:00:00,0
Redbridge,0.2198581560283688,2014-12-31 12:00:00,0
Redbridge,0.4326241134751773,2014-12-31 13:00:00,0
Redbridge,0.3475177304964539,2014-12-31 14:00:00,0
Redbridge,0.22695035460992907,2014-12-31 15:00:00,0
Redbridge,0.24822695035460993,2014-12-31 16:00:00,0
Redbridge,0.3971631205673759,2014-12-31 17:00:00,0
Redbridge,0.2553191489361702,2014-12-31 18:00:00,0
Redbridge,0.3333333333333333,2014-12-31 19:00:00,0
Redbridge,0.14184397163120568,2014-12-31 20:00:00,0
Redbridge,0.14893617021276595,2014-12-31 21:00:00,0
Redbridge,0.2907801418439716,2014-12-31 22:00:00,0
Redbridge,0.2695035460992908,2014-12-31 23:00:00,0
Redbridge,0.7588652482269503,2015-01-01 00:00:00,0
Redbridge,0.3546099290780142,2015-01-01 01:00:00,0
Redbridge,0.2553191489361702,2015-01-01 02:00:00,0
Redbridge,0.11347517730496454,2015-01-01 03:00:00,0
Redbridge,0.09929078014184398,2015-01-01 04:00:00,0
Redbridge,0.0070921985815602835,2015-01-01 05:00:00,0
Redbridge,0.04964539007092199,2015-01-01 06:00:00,0
Redbridge,0.014184397163120567,2015-01-01 07:00:00,0
Redbridge,0.07092198581560284,2015-01-01 08:00:00,0
Redbridge,0.2765957446808511,2015-01-01 09:00:00,0
Redbridge,0.23404255319148937,2015-01-01 10:00:00,0
Redbridge,0.2765957446808511,2015-01-01 11:00:00,0
Redbridge,0.3049645390070922,2015-01-01 12:00:00,0
Redbridge,0.2978723404255319,2015-01-01 13:00:00,0
Redbridge,0.3829787234042553,2015-01-01 14:00:00,0
Redbridge,0.41843971631205673,2015-01-01 15:00:00,0
Redbridge,0.6312056737588653,2015-01-01 16:00:00,0
Redbridge,0.7659574468085106,2015-01-01 17:00:00,0
Redbridge,1.0,2015-01-01 18:00:00,0
Redbridge,0.7092198581560284,2015-01-01 19:00:00,0
Redbridge,0.8014184397163121,2015-01-01 20:00:00,0
Redbridge,0.48226950354609927,2015-01-01 21:00:00,0
Redbridge,0.475177304964539,2015-01-01 22:00:00,0
Redbridge,0.4397163120567376,2015-01-01 23:00:00,0
Redbridge,0.48226950354609927,2015-02-01 00:00:00,0
Redbridge,0.4397163120567376,2015-02-01 01:00:00,0
Redbridge,0.16312056737588654,2015-02-01 02:00:00,0
Redbridge,0.06382978723404255,2015-02-01 03:00:00,0
Richmond upon Thames,0.03896103896103896,2014-12-31 04:00:00,3
Richmond upon Thames,0.05194805194805195,2014-12-31 05:00:00,3
Richmond upon Thames,0.09090909090909091,2014-12-31 06:00:00,3
Richmond upon Thames,0.19480519480519481,2014-12-31 07:00:00,3
Richmond upon Thames,0.22077922077922077,2014-12-31 08:00:00,3
Richmond upon Thames,0.37662337662337664,2014-12-31 09:00:00,3
Richmond upon Thames,0.5194805194805194,2014-12-31 10:00:00,3
Richmond upon Thames,0.5194805194805194,2014-12-31 11:00:00,3
Richmond upon Thames,0.5584415584415584,2014-12-31 12:00:00,3
Richmond upon Thames,0.6883116883116883,2014-12-31 13:00:00,3
Richmond upon Thames,0.8051948051948052,2014-12-31 14:00:00,3
Richmond upon Thames,0.8051948051948052,2014-12-31 15:00:00,3
Richmond upon Thames,0.6883116883116883,2014-12-31 16:00:00,3
Richmond upon Thames,0.5844155844155844,2014-12-31 17:00:00,3
Richmond upon Thames,0.6623376623376623,2014-12-31 18:00:00,3
Richmond upon Thames,0.5844155844155844,2014-12-31 19:00:00,3
Richmond upon Thames,0.8311688311688312,2014-12-31 20:00:00,3
Richmond upon Thames,0.5584415584415584,2014-12-31 21:00:00,3
Richmond upon Thames,0.5584415584415584,2014-12-31 22:00:00,3
Richmond upon Thames,0.5714285714285714,2014-12-31 23:00:00,3
Richmond upon Thames,1.0,2015-01-01 00:00:00,3
Richmond upon Thames,0.45454545454545453,2015-01-01 01:00:00,3
Richmond upon Thames,0.3246753246753247,2015-01-01 02:00:00,3
Richmond upon Thames,0.19480519480519481,2015-01-01 03:00:00,3
Richmond upon Thames,0.0,2015-01-01 04:00:00,3
Richmond upon Thames,0.07792207792207792,2015-01-01 05:00:00,3
Richmond upon Thames,0.09090909090909091,2015-01-01 06:00:00,3
Richmond upon Thames,0.0,2015-01-01 07:00:00,3
Richmond upon Thames,0.19480519480519481,2015-01-01 08:00:00,3
Richmond upon Thames,0.19480519480519481,2015-01-01 09:00:00,3
Richmond upon Thames,0.6623376623376623,2015-01-01 10:00:00,3
Richmond upon Thames,0.38961038961038963,2015-01-01 11:00:00,3
Richmond upon Thames,0.6753246753246753,2015-01-01 12:00:00,3
Richmond upon Thames,0.5584415584415584,2015-01-01 13:00:00,3
Richmond upon Thames,0.7922077922077922,2015-01-01 14:00:00,3
Richmond upon Thames,0.935064935064935,2015-01-01 15:00:00,3
Richmond upon Thames,0.7142857142857143,2015-01-01 16:00:00,3
Richmond upon Thames,0.6493506493506493,2015-01-01 17:00:00,3
Richmond upon Thames,0.8701298701298701,2015-01-01 18:00:00,3
Richmond upon Thames,0.8311688311688312,2015-01-01 19:00:00,3
Richmond upon Thames,0.4805194805194805,2015-01-01 20:00:00,3
Richmond upon Thames,0.6103896103896104,2015-01-01 21:00:00,3
Richmond upon Thames,0.6753246753246753,2015-01-01 22:00:00,3
Richmond upon Thames,0.42857142857142855,2015-01-01 23:00:00,3
Richmond upon Thames,0.38961038961038963,2015-02-01 00:00:00,3
Richmond upon Thames,0.19480519480519481,2015-02-01 01:00:00,3
Richmond upon Thames,0.03896103896103896,2015-02-01 02:00:00,3
Richmond upon Thames,0.0,2015-02-01 03:00:00,3
Southwark,0.0,2014-12-31 04:00:00,2
Southwark,0.07692307692307693,2014-12-31 05:00:00,2
Southwark,0.02564102564102564,2014-12-31 06:00:00,2
Southwark,0.0811965811965812,2014-12-31 07:00:00,2
Southwark,0.08974358974358974,2014-12-31 08:00:00,2
Southwark,0.21794871794871795,2014-12-31 09:00:00,2
Southwark,0.2863247863247863,2014-12-31 10:00:00,2
Southwark,0.41452991452991456,2014-12-31 11:00:00,2
Southwark,0.3717948717948718,2014-12-31 12:00:00,2
Southwark,0.32905982905982906,2014-12-31 13:00:00,2
Southwark,0.34615384615384615,2014-12-31 14:00:00,2
Southwark,0.3717948717948718,2014-12-31 15:00:00,2
Southwark,0.3717948717948718,2014-12-31 16:00:00,2
Southwark,0.405982905982906,2014-12-31 17:00:00,2
Southwark,0.5598290598290598,2014-12-31 18:00:00,2
Southwark,0.358974358974359,2014-12-31 19:00:00,2
Southwark,0.47863247863247865,2014-12-31 20:00:00,2
Southwark,0.5384615384615384,2014-12-31 21:00:00,2
Southwark,0.36752136752136755,2014-12-31 22:00:00,2
Southwark,0.5598290598290598,2014-12-31 23:00:00,2
Southwark,0.9529914529914529,2015-01-01 00:00:00,2
Southwark,0.5641025641025641,2015-01-01 01:00:00,2
Southwark,0.34615384615384615,2015-01-01 02:00:00,2
Southwark,0.18376068376068377,2015-01-01 03:00:00,2
Southwark,0.15384615384615385,2015-01-01 04:00:00,2
Southwark,0.1282051282051282,2015-01-01 05:00:00,2
Southwark,0.0641025641025641,2015-01-01 06:00:00,2
Southwark,0.029914529914529916,2015-01-01 07:00:00,2
Southwark,0.10683760683760683,2015-01-01 08:00:00,2
Southwark,0.14102564102564102,2015-01-01 09:00:00,2
Southwark,0.19658119658119658,2015-01-01 10:00:00,2
Southwark,0.4017094017094017,2015-01-01 11:00:00,2
Southwark,0.452991452991453,2015-01-01 12:00:00,2
Southwark,0.48717948717948717,2015-01-01 13:00:00,2
Southwark,0.47435897435897434,2015-01-01 14:00:00,2
Southwark,0.4017094017094017,2015-01-01 15:00:00,2
Southwark,0.5683760683760684,2015-01-01 16:00:00,2
Southwark,0.4444444444444444,2015-01-01 17:00:00,2
Southwark,0.5897435897435898,2015-01-01 18:00:00,2
Southwark,0.5512820512820513,2015-01-01 19:00:00,2
Southwark,0.45726495726495725,2015-01-01 20:00:00,2
Southwark,0.45726495726495725,2015-01-01 21:00:00,2
Southwark,1.0,2015-01-01 22:00:00,2
Southwark,0.5299145299145299,2015-01-01 23:00:00,2
Southwark,0.2094017094017094,2015-02-01 00:00:00,2
Southwark,0.3247863247863248,2015-02-01 01:00:00,2
Southwark,0.2222222222222222,2015-02-01 02:00:00,2
Southwark,0.18803418803418803,2015-02-01 03:00:00,2
Sutton,0.030927835051546393,2014-12-31 04:00:00,0
Sutton,0.030927835051546393,2014-12-31 05:00:00,0
Sutton,0.020618556701030927,2014-12-31 06:00:00,0
Sutton,0.15463917525773196,2014-12-31 07:00:00,0
Sutton,0.17525773195876287,2014-12-31 08:00:00,0
Sutton,0.18556701030927836,2014-12-31 09:00:00,0
Sutton,0.31958762886597936,2014-12-31 10:00:00,0
Sutton,0.27835051546391754,2014-12-31 11:00:00,0
Sutton,0.31958762886597936,2014-12-31 12:00:00,0
Sutton,0.29896907216494845,2014-12-31 13:00:00,0
Sutton,0.27835051546391754,2014-12-31 14:00:00,0
Sutton,0.31958762886597936,2014-12-31 15:00:00,0
Sutton,0.4329896907216495,2014-12-31 16:00:00,0
Sutton,0.4639175257731959,2014-12-31 17:00:00,0
Sutton,0.26804123711340205,2014-12-31 18:00:00,0
Sutton,0.4329896907216495,2014-12-31 19:00:00,0
Sutton,0.17525773195876287,2014-12-31 20:00:00,0
Sutton,0.18556701030927836,2014-12-31 21:00:00,0
Sutton,0.20618556701030927,2014-12-31 22:00:00,0
Sutton,0.27835051546391754,2014-12-31 23:00:00,0
Sutton,0.6907216494845361,2015-01-01 00:00:00,0
Sutton,0.26804123711340205,2015-01-01 01:00:00,0
Sutton,0.24742268041237114,2015-01-01 02:00:00,0
Sutton,0.15463917525773196,2015-01-01 03:00:00,0
Sutton,0.010309278350515464,2015-01-01 04:00:00,0
Sutton,0.010309278350515464,2015-01-01 05:00:00,0
Sutton,0.0,2015-01-01 06:00:00,0
Sutton,0.041237113402061855,2015-01-01 07:00:00,0
Sutton,0.061855670103092786,2015-01-01 08:00:00,0
Sutton,0.2268041237113402,2015-01-01 09:00:00,0
Sutton,0.30927835051546393,2015-01-01 10:00:00,0
Sutton,0.4020618556701031,2015-01-01 11:00:00,0
Sutton,0.6185567010309279,2015-01-01 12:00:00,0
Sutton,0.5051546391752577,2015-01-01 13:00:00,0
Sutton,0.38144329896907214,2015-01-01 14:00:00,0
Sutton,0.3711340206185567,2015-01-01 15:00:00,0
Sutton,0.3917525773195876,2015-01-01 16:00:00,0
Sutton,0.3917525773195876,2015-01-01 17:00:00,0
Sutton,0.6288659793814433,2015-01-01 18:00:00,0
Sutton,0.9381443298969072,2015-01-01 19:00:00,0
Sutton,0.6907216494845361,2015-01-01 20:00:00,0
Sutton,0.6082474226804123,2015-01-01 21:00:00,0
Sutton,1.0,2015-01-01 22:00:00,0
Sutton,0.7525773195876289,2015-01-01 23:00:00,0
Sutton,0.4742268041237113,2015-02-01 00:00:00,0
Sutton,0.17525773195876287,2015-02-01 01:00:00,0
Sutton,0.09278350515463918,2015-02-01 02:00:00,0
Sutton,0.020618556701030927,2015-02-01 03:00:00,0
Tower Hamlets,0.06976744186046512,2014-12-31 04:00:00,2
Tower Hamlets,0.023255813953488372,2014-12-31 05:00:00,2
Tower Hamlets,0.0,2014-12-31 06:00:00,2
Tower Hamlets,0.06976744186046512,2014-12-31 07:00:00,2
Tower Hamlets,0.14950166112956811,2014-12-31 08:00:00,2
Tower Hamlets,0.19269102990033224,2014-12-31 09:00:00,2
Tower Hamlets,0.24584717607973422,2014-12-31 10:00:00,2
Tower Hamlets,0.2159468438538206,2014-12-31 11:00:00,2
Tower Hamlets,0.2823920265780731,2014-12-31 12:00:00,2
Tower Hamlets,0.24584717607973422,2014-12-31 13:00:00,2
Tower Hamlets,0.30564784053156147,2014-12-31 14:00:00,2
Tower Hamlets,0.30564784053156147,2014-12-31 15:00:00,2
Tower Hamlets,0.38870431893687707,2014-12-31 16:00:00,2
Tower Hamlets,0.3388704318936877,2014-12-31 17:00:00,2
Tower Hamlets,0.3588039867109635,2014-12-31 18:00:00,2
Tower Hamlets,0.3953488372093023,2014-12-31 19:00:00,2
Tower Hamlets,1.0,2014-12-31 20:00:00,2
Tower Hamlets,0.5880398671096345,2014-12-31 21:00:00,2
Tower Hamlets,0.4418604651162791,2014-12-31 22:00:00,2
Tower Hamlets,0.45182724252491696,2014-12-31 23:00:00,2
Tower Hamlets,0.6578073089700996,2015-01-01 00:00:00,2
Tower Hamlets,0.36212624584717606,2015-01-01 01:00:00,2
Tower Hamlets,0.16279069767441862,2015-01-01 02:00:00,2
Tower Hamlets,0.10631229235880399,2015-01-01 03:00:00,2
Tower Hamlets,0.04983388704318937,2015-01-01 04:00:00,2
Tower Hamlets,0.04983388704318937,2015-01-01 05:00:00,2
Tower Hamlets,0.03322259136212625,2015-01-01 06:00:00,2
Tower Hamlets,0.029900332225913623,2015-01-01 07:00:00,2
Tower Hamlets,0.15282392026578073,2015-01-01 08:00:00,2
Tower Hamlets,0.13953488372093023,2015-01-01 09:00:00,2
Tower Hamlets,0.14950166112956811,2015-01-01 10:00:00,2
Tower Hamlets,0.2757475083056478,2015-01-01 11:00:00,2
Tower Hamlets,0.2691029900332226,2015-01-01 12:00:00,2
Tower Hamlets,0.20930232558139536,2015-01-01 13:00:00,2
Tower Hamlets,0.19601328903654486,2015-01-01 14:00:00,2
Tower Hamlets,0.3023255813953488,2015-01-01 15:00:00,2
Tower Hamlets,0.3289036544850498,2015-01-01 16:00:00,2
Tower Hamlets,0.19601328903654486,2015-01-01 17:00:00,2
Tower Hamlets,0.3787375415282392,2015-01-01 18:00:00,2
Tower Hamlets,0.4053156146179402,2015-01-01 19:00:00,2
Tower Hamlets,0.39867109634551495,2015-01-01 20:00:00,2
Tower Hamlets,0.3953488372093023,2015-01-01 21:00:00,2
Tower Hamlets,0.3654485049833887,2015-01-01 22:00:00,2
Tower Hamlets,0.38205980066445183,2015-01-01 23:00:00,2
Tower Hamlets,0.31561461794019935,2015-02-01 00:00:00,2
Tower Hamlets,0.2757475083056478,2015-02-01 01:00:00,2
Tower Hamlets,0.12292358803986711,2015-02-01 02:00:00,2
Tower Hamlets,0.08970099667774087,2015-02-01 03:00:00,2
Waltham Forest,0.015228426395939087,2014-12-31 04:00:00,2
Waltham Forest,0.0,2014-12-31 05:00:00,2
Waltham Forest,0.050761421319796954,2014-12-31 06:00:00,2
Waltham Forest,0.025380710659898477,2014-12-31 07:00:00,2
Waltham Forest,0.04060913705583756,2014-12-31 08:00:00,2
Waltham Forest,0.07106598984771574,2014-12-31 09:00:00,2
Waltham Forest,0.350253807106599,2014-12-31 10:00:00,2
Waltham Forest,0.26903553299492383,2014-12-31 11:00:00,2
Waltham Forest,0.30456852791878175,2014-12-31 12:00:00,2
Waltham Forest,0.233502538071066,2014-12-31 13:00:00,2
Waltham Forest,0.116751269035533,2014-12-31 14:00:00,2
Waltham Forest,0.2182741116751269,2014-12-31 15:00:00,2
Waltham Forest,0.38071065989847713,2014-12-31 16:00:00,2
Waltham Forest,0.27411167512690354,2014-12-31 17:00:00,2
Waltham Forest,0.36548223350253806,2014-12-31 18:00:00,2
Waltham Forest,0.3553299492385787,2014-12-31 19:00:00,2
Waltham Forest,0.22842639593908629,2014-12-31 20:00:00,2
Waltham Forest,0.39593908629441626,2014-12-31 21:00:00,2
Waltham Forest,0.15228426395939088,2014-12-31 22:00:00,2
Waltham Forest,0.25888324873096447,2014-12-31 23:00:00,2
Waltham Forest,1.0,2015-01-01 00:00:00,2
Waltham Forest,0.39086294416243655,2015-01-01 01:00:00,2
Waltham Forest,0.23857868020304568,2015-01-01 02:00:00,2
Waltham Forest,0.1065989847715736,2015-01-01 03:00:00,2
Waltham Forest,0.10152284263959391,2015-01-01 04:00:00,2
Waltham Forest,0.025380710659898477,2015-01-01 05:00:00,2
Waltham Forest,0.02030456852791878,2015-01-01 06:00:00,2
Waltham Forest,0.08629441624365482,2015-01-01 07:00:00,2
Waltham Forest,0.025380710659898477,2015-01-01 08:00:00,2
Waltham Forest,0.1116751269035533,2015-01-01 09:00:00,2
Waltham Forest,0.19796954314720813,2015-01-01 10:00:00,2
Waltham Forest,0.3299492385786802,2015-01-01 11:00:00,2
Waltham Forest,0.25380710659898476,2015-01-01 12:00:00,2
Waltham Forest,0.2436548223350254,2015-01-01 13:00:00,2
Waltham Forest,0.3604060913705584,2015-01-01 14:00:00,2
Waltham Forest,0.3604060913705584,2015-01-01 15:00:00,2
Waltham Forest,0.39593908629441626,2015-01-01 16:00:00,2
Waltham Forest,0.3350253807106599,2015-01-01 17:00:00,2
Waltham Forest,0.649746192893401,2015-01-01 18:00:00,2
Waltham Forest,0.6243654822335025,2015-01-01 19:00:00,2
Waltham Forest,0.38578680203045684,2015-01-01 20:00:00,2
Waltham Forest,0.6548223350253807,2015-01-01 21:00:00,2
Waltham Forest,0.5279187817258884,2015-01-01 22:00:00,2
Waltham Forest,0.3299492385786802,2015-01-01 23:00:00,2
Waltham Forest,0.20812182741116753,2015-02-01 00:00:00,2
Waltham Forest,0.17258883248730963,2015-02-01 01:00:00,2
Waltham Forest,0.14213197969543148,2015-02-01 02:00:00,2
Waltham Forest,0.06598984771573604,2015-02-01 03:00:00,2
Wandsworth,0.1078838174273859,2014-12-31 04:00:00,2
Wandsworth,0.0,2014-12-31 05:00:00,2
Wandsworth,0.02074688796680498,2014-12-31 06:00:00,2
Wandsworth,0.03734439834024896,2014-12-31 07:00:00,2
Wandsworth,0.13278008298755187,2014-12-31 08:00:00,2
Wandsworth,0.15352697095435686,2014-12-31 09:00:00,2
Wandsworth,0.23651452282157676,2014-12-31 10:00:00,2
Wandsworth,0.22821576763485477,2014-12-31 11:00:00,2
Wandsworth,0.45228215767634855,2014-12-31 12:00:00,2
Wandsworth,0.3070539419087137,2014-12-31 13:00:00,2
Wandsworth,0.34854771784232363,2014-12-31 14:00:00,2
Wandsworth,0.3651452282157676,2014-12-31 15:00:00,2
Wandsworth,0.2987551867219917,2014-12-31 16:00:00,2
Wandsworth,0.33195020746887965,2014-12-31 17:00:00,2
Wandsworth,0.4066390041493776,2014-12-31 18:00:00,2
Wandsworth,0.45228215767634855,2014-12-31 19:00:00,2
Wandsworth,0.4730290456431535,2014-12-31 20:00:00,2
Wandsworth,0.33195020746887965,2014-12-31 21:00:00,2
Wandsworth,0.4315352697095436,2014-12-31 22:00:00,2
Wandsworth,0.46887966804979253,2014-12-31 23:00:00,2
Wandsworth,0.5767634854771784,2015-01-01 00:00:00,2
Wandsworth,0.33195020746887965,2015-01-01 01:00:00,2
Wandsworth,0.21991701244813278,2015-01-01 02:00:00,2
Wandsworth,0.0995850622406639,2015-01-01 03:00:00,2
Wandsworth,0.06224066390041494,2015-01-01 04:00:00,2
Wandsworth,0.03319502074688797,2015-01-01 05:00:00,2
Wandsworth,0.07053941908713693,2015-01-01 06:00:00,2
Wandsworth,0.03319502074688797,2015-01-01 07:00:00,2
Wandsworth,0.03319502074688797,2015-01-01 08:00:00,2
Wandsworth,0.12863070539419086,2015-01-01 09:00:00,2
Wandsworth,0.17427385892116182,2015-01-01 10:00:00,2
Wandsworth,0.3817427385892116,2015-01-01 11:00:00,2
Wandsworth,0.6058091286307054,2015-01-01 12:00:00,2
Wandsworth,0.5311203319502075,2015-01-01 13:00:00,2
Wandsworth,0.4605809128630705,2015-01-01 14:00:00,2
Wandsworth,0.36929460580912865,2015-01-01 15:00:00,2
Wandsworth,0.5767634854771784,2015-01-01 16:00:00,2
Wandsworth,0.44398340248962653,2015-01-01 17:00:00,2
Wandsworth,0.7219917012448133,2015-01-01 18:00:00,2
Wandsworth,0.5145228215767634,2015-01-01 19:00:00,2
Wandsworth,0.5269709543568465,2015-01-01 20:00:00,2
Wandsworth,1.0,2015-01-01 21:00:00,2
Wandsworth,0.5601659751037344,2015-01-01 22:00:00,2
Wandsworth,0.4315352697095436,2015-01-01 23:00:00,2
Wandsworth,0.3112033195020747,2015-02-01 00:00:00,2
Wandsworth,0.2033195020746888,2015-02-01 01:00:00,2
Wandsworth,0.07883817427385892,2015-02-01 02:00:00,2
Wandsworth,0.0954356846473029,2015-02-01 03:00:00,2
Westminster,0.05925925925925926,2014-12-31 04:00:00,3
Westminster,0.13333333333333333,2014-12-31 05:00:00,3
Westminster,0.0,2014-12-31 06:00:00,3
Westminster,0.007407407407407408,2014-12-31 07:00:00,3
Westminster,0.2814814814814815,2014-12-31 08:00:00,3
Westminster,0.4962962962962963,2014-12-31 09:00:00,3
Westminster,0.5259259259259259,2014-12-31 10:00:00,3
Westminster,0.48148148148148145,2014-12-31 11:00:00,3
Westminster,0.7333333333333333,2014-12-31 12:00:00,3
Westminster,0.43703703703703706,2014-12-31 13:00:00,3
Westminster,0.7555555555555555,2014-12-31 14:00:00,3
Westminster,0.837037037037037,2014-12-31 15:00:00,3
Westminster,0.8444444444444444,2014-12-31 16:00:00,3
Westminster,0.7333333333333333,2014-12-31 17:00:00,3
Westminster,0.9481481481481482,2014-12-31 18:00:00,3
Westminster,0.8518518518518519,2014-12-31 19:00:00,3
Westminster,0.5555555555555556,2014-12-31 20:00:00,3
Westminster,1.0,2014-12-31 21:00:00,3
Westminster,0.3925925925925926,2014-12-31 22:00:00,3
Westminster,0.4962962962962963,2014-12-31 23:00:00,3
Westminster,0.8592592592592593,2015-01-01 00:00:00,3
Westminster,0.7703703703703704,2015-01-01 01:00:00,3
Westminster,0.5407407407407407,2015-01-01 02:00:00,3
Westminster,0.4148148148148148,2015-01-01 03:00:00,3
Westminster,0.1037037037037037,2015-01-01 04:00:00,3
Westminster,0.13333333333333333,2015-01-01 05:00:00,3
Westminster,0.2,2015-01-01 06:00:00,3
Westminster,0.1925925925925926,2015-01-01 07:00:00,3
Westminster,0.08148148148148149,2015-01-01 08:00:00,3
Westminster,0.1925925925925926,2015-01-01 09:00:00,3
Westminster,0.2814814814814815,2015-01-01 10:00:00,3
Westminster,0.43703703703703706,2015-01-01 11:00:00,3
Westminster,0.4074074074074074,2015-01-01 12:00:00,3
Westminster,0.45925925925925926,2015-01-01 13:00:00,3
Westminster,0.5925925925925926,2015-01-01 14:00:00,3
Westminster,0.5703703703703704,2015-01-01 15:00:00,3
Westminster,0.6222222222222222,2015-01-01 16:00:00,3
Westminster,0.6444444444444445,2015-01-01 17:00:00,3
Westminster,0.5777777777777777,2015-01-01 18:00:00,3
Westminster,0.6222222222222222,2015-01-01 19:00:00,3
Westminster,0.7185185185185186,2015-01-01 20:00:00,3
Westminster,0.6296296296296297,2015-01-01 21:00:00,3
Westminster,0.6814814814814815,2015-01-01 22:00:00,3
Westminster,0.9481481481481482,2015-01-01 23:00:00,3
Westminster,0.5185185185185185,2015-02-01 00:00:00,3
Westminster,0.25925925925925924,2015-02-01 01:00:00,3
Westminster,0.5777777777777777,2015-02-01 02:00:00,3
Westminster,0.3333333333333333,2015-02-01 03:00:00,3
